:020000040800F2
:1000000048F901205D020008DB270008D32700081B
:10001000D7270008470600086D2D000800000000E3
:100020000000000000000000000000009D0100082A
:100030004B06000800000000F9010008DD27000859
:100040008102000881020008810200088102000884
:100050008102000881020008810200088102000874
:100060008102000881020008810200088102000864
:100070008102000881020008810200088102000854
:100080008102000881020008810200088102000844
:100090008102000881020008810200088102000834
:1000A0008102000881020008810200088102000824
:1000B000810200088102000805280008810200086A
:1000C0008102000881020008810200088102000804
:1000D000810200081D2D000881020008810200082D
:1000E00081020008810200088102000881020008E4
:1000F00081020008810200088102000881020008D4
:1001000081020008810200088102000881020008C3
:1001100081020008810200088102000881020008B3
:1001200081020008810200088102000881020008A3
:10013000810200080507000881020008810200080A
:100140008102000881020008810200088102000883
:100150008102000881020008810200088102000873
:100160008102000881020008810200088102000863
:1001700081020008810200088102000800000000DE
:100180008102000881020008DFF80CD000F01EFA9E
:100190000048004779B1000848F901202C4B196844
:1001A0000868B0E8F04F80F30988BFF36F8F4FF015
:1001B000000080F3118870470000000008480068C4
:1001C000006880F308884FF0000080F3148862B65E
:1001D00061B6BFF34F8FBFF36F8F00DF00BF00BF6B
:1001E00008ED00E0DFF80C00016841F470010160E7
:1001F000704700BF88ED00E0EFF30980BFF36F8F19
:10020000134B1A681EF0100F08BF20ED108A20E96A
:10021000F04F106009B44FF0500080F31188BFF325
:100220004F8FBFF36F8F15F0F3F84FF0000080F39E
:10023000118809BC19680868B0E8F04F1EF0100F6B
:1002400008BFB0EC108A80F30988BFF36F8F704746
:1002500094020020EFF30580704700000948016810
:1002600041F4700101600848804708480047FEE7F4
:10027000FEE7FEE7FEE7FEE7FEE7FEE7FEE7FEE756
:10028000FEE7000088ED00E0F12700088901000882
:100290002DE9F05F0546002092469B4688460646BB
:1002A000814640241BE0284641464746224600F04E
:1002B00020F953465A46C01A914110D311461846A8
:1002C000224600F007F92D1A67EB01084F46224637
:1002D0000120002100F0FEF817EB00094E41201E1E
:1002E000A4F10104DFDC484631462A464346BDE816
:1002F000F09F00000649074A0868504343F239025C
:1003000010440860400870470149086070470000C9
:10031000140300206D4EC64110B5431A934209D212
:100320008318881803E010F8011D03F8011D521E00
:10033000F9D210BD40EA01039B0703D009E008C9C8
:10034000121F08C0042AFAD203E011F8013B00F89A
:10035000013B521EF9D210BDD2B201E000F8012BD0
:10036000491EFBD270470022F6E710B513460A4635
:1003700004461946FFF7F0FF204610BD421C10F856
:10038000011B0029FBD1801A704730B504460020BC
:10039000034600E05B1C934203D2E05CCD5C401B53
:1003A000F8D030BD2DE9FE4F81EA030404F000448B
:1003B00021F0004100944FF0000B23F0004350EA7D
:1003C00001045ED052EA03045BD0C3F30A54C1F3C4
:1003D0000A552C44A4F2F3340194A0FB0254C1F357
:1003E000130141F48011C3F3130343F4801301FBA1
:1003F000024400FB034E840A970A44EA815447EA08
:100400008357A4FB076802958D0A05FB07854FEA11
:10041000932C04FB0C542705029D4FEA065847EA2B
:100420001637B5EB08056EEB070C870E920E47EA00
:10043000811742EA8312A7FB0201B6EB0B0164EBC2
:1004400000042B0D43EA0C335E1844EB1C50DA46D3
:100450005146E7FB0201C5F313044FEA0B3343EAAD
:1004600014534FEA0432019C43EA0603A4F10C043E
:100470000294009CCDE900B400F05AF803B0BDE846
:10048000F08F00200146F9E70EB540F233410291AA
:100490000021CDE900110A460B4600F049F803B0EF
:1004A00000BDC1F30A5210B5C1F3130140F2FF338E
:1004B00041F480119A4201DA002010BD40F233432A
:1004C0009A42A2F2334203DC524200F012F810BD0D
:1004D000904010BD202A04DB203A00FA02F10020EF
:1004E00070479140C2F1200320FA03F31943904072
:1004F0007047202A04DB203A21FA02F000217047DD
:1005000021FA02F3D040C2F120029140084319467B
:10051000704710B5141E73F1000408DA401C41F155
:10052000000192185B411A4301D120F0010010BD77
:100530002DE9F04D92469B4611B1B1FA81F202E0ED
:10054000B0FA80F220329046FFF7C4FF04460F460F
:1005500040EA0A0041EA0B0153465A46084313D0C9
:10056000114653EA010019D0C8F140025046FFF786
:10057000C0FF05460E46504659464246FFF7AAFFC1
:10058000084305D0012004E020463946BDE8F08D3F
:100590000020054346EAE0762C4337430A9863057A
:1005A000E40AA0EB08000022FD0A44EA47540A309E
:1005B00002D500200146E9E7010510196941DDE98E
:1005C000084500196941BDE8F04DA2E7064C074D0A
:1005D00006E0E06840F0010394E807009847103413
:1005E000AC42F6D3FFF7D4FDEC9C01080C9D01084A
:1005F00070B58C1810F8015B15F0070301D110F8E5
:10060000013B2A1106D110F8012B03E010F8016B11
:1006100001F8016B5B1EF9D12B0705D40023521E94
:100620000DD401F8013BFAE710F8013BCB1A921CFC
:1006300003E013F8015B01F8015B521EF9D5A142FA
:10064000D8D3002070BD00BFFEE77047016801F5F8
:100650008051896921F00202016801F580518A61A7
:100660007047016801F58051896941F00202016813
:1006700001F580518A617047016801F580518969EF
:1006800021F40052016801F580518A6170470168C8
:1006900001F58051896941F40052016801F58051EA
:1006A0008A61704708B508490968C9084FF47A7229
:1006B000B1FBF2F14143009100BF00BF00994A1E17
:1006C00000920029F9D108BD0000002038B5044689
:1006D00000200090206800F58050806940F480116F
:1006E000206800F580508161206800F580508069A5
:1006F00000900120FFF7D6FF0099206800F5805098
:10070000816138BD10B50A49886A05F0CDFA08B193
:100710000AF002FC4FF480310548006800F5805073
:10072000416140210248006800F58050416110BDE0
:10073000D404002030B503461479557944EA0520E5
:10074000084C0C442064D4782406957844EA054487
:10075000557844EA0524157844EA0500014C0C4418
:10076000606430BD0080024070B5AEB004460E46F5
:10077000002526B14FF40061E160C900A1600020AE
:10078000119012901390149015901690E06918B97A
:100790004FF48060179001E0002017904FF4007034
:1007A0001890002019901A901B901C901D904020CA
:1007B0001E9000201F902090219022902390249042
:1007C00025902690802027900020289029902A901C
:1007D0002B902C902D902068056871480540DDE92C
:1007E000110108431399084314990843A168084369
:1007F0001599084316990843E16808431799084377
:1008000018990843199908431A9908431B990843F2
:1008100005432068056020680568012000F0F4F9B0
:1008200020680560DDE91C0108431E9908431F99F3
:1008300008432099084321990843229908432399A2
:1008400008432168486020684568012000F0DCF911
:100850002068456024982168886025982168C860D0
:10086000206885694FF641700540DDE9261040EAB1
:10087000014028990843299908432A9908432B994C
:10088000084305432068856120688569012000F0E0
:10089000BBF920688561DDE92C0108432168C86146
:1008A0002068C569012000F0AFF92068C56100200B
:1008B00001904FF000700290002003904FF4001060
:1008C000049000200590069007900890042009905D
:1008D000C0050A9040120B9080010C9040120D90C0
:1008E00080200E9000200F901090206800F580501E
:1008F00085692C480540DDE9010108430399084357
:100900000499084305990843069908430799084341
:1009100008990843099908430543206800F5805069
:100920008561206800F580508569012000F06CF930
:10093000206800F580508561DDE90A0108430C99C3
:1009400008430D9908430E9908430F9940EA810026
:100950001099084340F40001206800F580500160C0
:10096000206800F580500568012000F04DF92068EE
:1009700000F580500560A069012809D1206800F5C4
:100980008050C06908490843216801F58051C86159
:10099000002120466269FFF7CDFE2EB070BD000039
:1009A0000F8120FF233FDEF84000010038B50446E8
:1009B000002000902068006820F004002168086092
:1009C0002068006800900120FFF76CFE0098216805
:1009D000086038BD38B504460020009020680068E3
:1009E00040F0040021680860206800680090012041
:1009F000FFF758FE00982168086038BD38B50446F6
:100A0000002000902068006820F00800216808603D
:100A10002068006800900120FFF744FE00982168DC
:100A2000086038BD38B50446002000902068006892
:100A300040F00800216808602068006800900120EC
:100A4000FFF730FE00982168086038BD70B5044695
:100A50001D460023B5F5804F13D154F822300C48C1
:100A60000340D1E9000640EA06108E6840EA0620FD
:100A70008E8940EA06408E693043034344F82230B1
:100A800003E06FF0704044F82200002070BD0000C9
:100A90000000F0CF10B503460022086853F820206C
:100AA00012480240D1E901042043CC6820430C697C
:100AB00020434C6920438C692043CC6920430C6A55
:100AC00020434C6A20438C6A2043CC6A2043CC6B81
:100AD00020430C6B204302438868082801D142F070
:100AE0004002086843F82020002010BD8000F0FF7D
:100AF00030B503460024501C53F8204004F0404415
:100B0000D1E9000540EA05108D6840EA05208D898D
:100B100040EA0545088A401E45EA0055087D801ECA
:100B200045EA00608D6928430443501C43F8204087
:100B3000002030BD70B50446A56D00F093FE06465A
:100B400094F83500022808D08020606500BF00209E
:100B500084F8340000BF012070BD2068006820F0D8
:100B60001600216808602068406920F08000216834
:100B70004861206C08B9A06C28B12068006820F09A
:100B80000800216808602068006820F001002168E2
:100B900008600FE000F066FE801B05280AD92020BF
:100BA000606500BF002084F8340000BF032084F893
:100BB0003500D1E72068006800F001000028E9D185
:100BC00094F85C103F208840A86000BF002084F8A3
:100BD000340000BF012084F835000020BCE7014646
:100BE00091F83500022803D0802048650120704725
:100BF000052081F835000868006820F001000A68C7
:100C000010600020F3E7000070B5044600F02AFEF3
:100C100006462546681C10B104480078054400BF0C
:100C200000F020FE801BA842FAD370BD24000020F3
:100C300070B504460D461646002200BF94F84500E4
:100C4000012801D1022070BD012084F8450000BFB9
:100C5000022084F84400A56200221FE005EB421147
:100C60004FF00040086044F2F4504860C2EBC210FC
:100C700000EB400006EB80008860A069012803D1EA
:100C8000486820F000404860581E904204D905EBA7
:100C900042102030C86000E0CD60521C9A42DDD383
:100CA000206800F58050C560012084F8440000BF32
:100CB000002084F8450000BF00BFC4E770B50446BB
:100CC0000D461646002200BF94F84500012801D1C8
:100CD000022070BD012084F8450000BF022084F886
:100CE0004400E56200221BE005EB42114FF4801046
:100CF0000860C2EBC21000EB400006EB8000886089
:100D0000E06918B9086840F440000860581E904235
:100D100004D905EB42102030C86000E0CD60521CC1
:100D20009A42E1D3206800F580500561012084F8E3
:100D3000440000BF002084F8450000BF00BFC8E7A2
:100D40000146002200BF91F84500012801D1022090
:100D50007047012081F8450000BF022081F844005F
:100D6000886A006800F00040002838D1886A00686E
:100D700000F48070F0B1886B401C8863886B012898
:100D800001D1886A08638B6A4B63886A0068C0F384
:100D90000D40021FCA63086B83680B64886AC068D1
:100DA0008862012081F8440000BF002081F84500DE
:100DB00000BFCDE7886A006800F4007048B1886A17
:100DC000086300234B6301238B63886AC0688862D1
:100DD00005E0886B401C8863886AC06888620120CF
:100DE00081F8440000BF002081F8450000BF0120C9
:100DF000AEE700002DE9FC410446002500200190EB
:100E00009D4E0027804614B90120BDE8FC8194F86E
:100E1000440028B9002084F84500204600F03AF943
:100E200000BF002000909548006840F4804093493E
:100E300008600846006800F48040009000BF00BFD2
:100E40008F48006820F400008D490860084600685B
:100E5000216A08438A490860206800F580500068CC
:100E600040F00101206800F58050016000F0FAFCBC
:100E700007460FE000F0F6FCC01BB0F5FA7F09D979
:100E8000032084F8440000BF002084F8450000BF20
:100E90000320BAE7206800F58050006800F00100E8
:100EA0000028E7D12068056925F01C0500F056FEF2
:100EB00006467448864205D37348864202D245F0FE
:100EC00008051AE07048864205D36B48864202D274
:100ED00045F00C0511E06848864203D36B48864212
:100EE00000D20AE06948864205D36948864202D2A8
:100EF00045F0040501E045F01005206805614FF458
:100F000000420021204600F04DFB48B14FF001089F
:100F100041462046FFF728FC012084F8440074E78E
:100F2000FF20FFF771FE6068002871D000F09AFC86
:100F3000074600BF01AA0121204600F0F9F900F0A0
:100F400091FCC01B41F2883188420FD94FF0010853
:100F500041462046FFF708FC012084F8440000BF0A
:100F6000002084F8450000BF03204EE7019800F000
:100F700004000428DED182020021204600F012FB8A
:100F800048B14FF0010841462046FFF7EDFB012034
:100F900084F8440039E700F065FC074600BF01AA69
:100FA0000121204600F0C4F900F05CFCC01B41F2B6
:100FB000883188420FD94FF0010841462046FFF79B
:100FC000D3FB012084F8440000BF002084F84500D2
:100FD00000BF032019E7019800F020002028DED18F
:100FE00001AA1F21204600F0A3F948B14FF00108E3
:100FF00041462046FFF7B8FB012084F8440004E78F
:10100000019800F0100020B14FF40061E16002E0AF
:101010000DE00021E160019800F00400042802D1F5
:101020000021A1601EE04FF48041A1601AE0E06859
:10103000C0F3CF00A168C1F34F0140EA01020021D3
:10104000204600F0AFFA48B14FF001084146204673
:10105000FFF78AFB012084F84400D6E640F6FF70D3
:10106000FFF7D2FD41462046FFF77EFB012084F8C2
:1010700044000020C9E60000008793034438024082
:1010800004380140002D3101C00E160200E1F505C3
:1010900080D1F00810B586B0044600BF00BF002024
:1010A00000909E48006840F001009C490860084696
:1010B000006800F00100009000BF00BF00BF00BF4B
:1010C00000BF002000900846006840F00100086062
:1010D0000846006800F00100009000BF00BF00BF9C
:1010E00000BF00BF002000900846006840F00100EB
:1010F00008600846006800F00100009000BF00BFD3
:1011000000BF00BF00BF002000900846006840F00C
:10111000040008600846006800F00400009000BF6A
:1011200000BF00BF00BF00BF00200090084600685D
:1011300040F0040008600846006800F004000090D9
:1011400000BF00BF00BF00BF00BF002000900846E6
:10115000006840F0040008600846006800F00400E1
:10116000009000BF00BF00BF00BF00BF0020009084
:101170000846006840F0400008600846006800F03B
:101180004000009000BF00BF00BF00BF00BF0020B4
:1011900000900846006840F040000860084600687B
:1011A00000F04000009000BF00BF00BF00BF00BFC4
:1011B000002000900846006840F0400008600846A3
:1011C000006800F04000009000BF00BF00BF00BFFB
:1011D00000BF002000900846006840F4807008605E
:1011E0000846006800F48070009000BF00BF00BF98
:1011F00000BF00BF002000900846006840F000706B
:1012000008600846006800F00070009000BF00BF52
:1012100000BF002000900846006840F08060086031
:101220000846006800F08060009000BF00BF00BF6B
:10123000002000900846006840F000600860084602
:10124000006800F00060009000BF00BF00BF0220F7
:101250000190029000200390032004900B20059041
:1012600001A92F4800F0E6F90420019001A92C48BB
:1012700000F0E0F98020019001A9294800F0DAF996
:101280000220019001A9274800F0D4F91020019014
:1012900001A9244800F0CEF92020019001A921489D
:1012A00000F0C8F94FF40060019001A91E4800F059
:1012B000C1F94FF40050019001A91B4800F0BAF9A0
:1012C0004FF48040019001A9174800F0B3F90820BD
:1012D000019001200290002003900320049001A9B6
:1012E000124800F0A7F900BF002208210F4800F0C3
:1012F000ADFA00BF642001F0DDFF00BF012208212C
:101300000A4800F0A3FA00BF002206213D2000F0A9
:1013100010FB3D2000F0FDFA06B010BD3038024051
:10132000000002400008024000180240000C024089
:101330002DE9F04104460E4617460025A84694F8CC
:101340004400822802D10220BDE8F081822084F886
:1013500044002068056905F01C05208A4FF4784197
:1013600001EAC0200543481100EA8610054325F034
:10137000020545F001052068056100F073FA80461A
:1013800012E000F06FFAA0EB0800B0F5803F09D33F
:10139000012084F8440000BF002084F8450000BF0D
:1013A0000320D1E72068056905F001000028E8D195
:1013B0002068406980B23860012084F84400002031
:1013C000C2E710B5044600BF94F84500012801D1DA
:1013D000022010BD012084F8450000BF022084F8DF
:1013E00044002046FFF71EFB2046FFF7F3FA204695
:1013F000FFF76CF92046FFF74AF92046FFF731F96D
:10140000012084F8440000BF002084F8450000BF9C
:1014100000BFDEE710B5044600BF94F84500012880
:1014200001D1022010BD012084F8450000BF022038
:1014300084F844002046FFF71FF92046FFF706F91D
:101440002046FFF7B3FA2046FFF740F92046FFF7A2
:10145000D5FA012084F8440000BF002084F845003C
:1014600000BF00BFDEE770B5024600230025002460
:1014700000BF92F84500012801D1022070BD012073
:1014800082F8450000BF022082F8440049B90120DB
:1014900082F8440000BF002082F8450000BF012010
:1014A000ECE7D06A006800F0004048B1122082F8F2
:1014B000440000BF002082F8450000BF0120DDE7A6
:1014C00040F2F450814208D9B1FBF0F3B1FBF0F6E1
:1014D00000FB161010B15B1C00E00123012B13D19F
:1014E000D06A006840F04050D66A3060C1F30C000A
:1014F000D66A7060D06A006840F00040D66A3060FA
:10150000D06AC068D06232E000242EE0D06A006861
:1015100020F04050D66A30602CB9D06A006840F0A4
:101520008050D66A306040F2F450D66A7060581E1F
:10153000A04210D1D06A006840F00050D66A3060F6
:10154000581EC0EBC01000EB4000A1EB8005C5F3B6
:101550000C00D66A7060D06A006840F00040D66A1D
:101560003060D06AC068D062641C9C42CED31068E0
:1015700000F58050406900F0040048B1042610686E
:1015800000F5805046610026106800F580504660E6
:10159000012082F8440000BF002082F8450000BF0F
:1015A00000BF6BE72DE9F04104460E4617460025C3
:1015B000A84694F84400422802D10220BDE8F081F8
:1015C000422084F844002068056905F01C05208A43
:1015D0004FF4784101EAC0200543481100EA861023
:1015E000054345F0020545F00105B8B221684861A0
:1015F0002068056100F036F9804612E000F032F90B
:10160000A0EB0800B0F5803F09D3012084F8440026
:1016100000BF002084F8450000BF0320CEE720680B
:10162000056905F001000028E8D1012084F8440094
:101630000020C3E7F8B502460B4600250024002031
:101640000021DEE0012606FA01F51E6806EA05041F
:10165000AC4275D11E7906F00306012E04D01E7926
:1016600006F00306022E13D190684F000326BE40F9
:10167000B0434F00DE68BE403043906050680126A2
:101680008E40B0431E79C6F300168E403043506042
:101690001E7906F00306032E09D0D0684F000326FA
:1016A000BE40B0434F009E68BE403043D0601E79BC
:1016B00006F00306022E13D1CF0802F1200656F8D9
:1016C00027004E07F70E0F26BE40B0434F07FF0E10
:1016D0001E69BE403043CF0802F1200646F82700BD
:1016E00010684F000326BE40B0431E7906F0030683
:1016F0004F00BE40304310605E6806F08056B6F181
:10170000805F7DD100BF00260096404E366846F4CB
:1017100080463E4F3E603E46366806F48046009660
:1017200000BF00BF3A4E8F0856F827008E07370FCC
:101730000F26BE40B043374EB24202D1002624E00D
:101740005EE0354EB24201D101261EE0334EB24278
:1017500001D1022619E0324EB24201D1032614E033
:10176000304EB24201D104260FE02F4EB24201D1D9
:1017700005260AE02D4EB24201D1062605E02C4E88
:10178000B24201D1072600E008268F073F0FBE4076
:1017900030431F4E8F0846F82700264E3068A0437E
:1017A0005E6806F48036B6F5803F00D12043214EB6
:1017B0003060361D3068A0435E6806F40036B6F52A
:1017C000003F00D120431B4E361D3060361D30686F
:1017D000A0435E6806F48016B6F5801F00D1204352
:1017E000144E08363060361D3068A0435E6806F43B
:1017F0000016B6F5001F00D120430E4E0C363060A7
:10180000491C1029FFF41EAFF8BD00004438024007
:101810000838014000000240000402400008024075
:10182000000C024000100240001402400018024068
:10183000001C0240003C014010B5426921EA02034D
:1018400002EA010443EA0443836110BD0AB18161E5
:1018500001E00B048361704701480068000C704789
:10186000002004E001480068704700001C000020D0
:101870000348006803490978084401490860704733
:101880001C0000202400002010B50D48006840F422
:1018900000700B4908600846006840F480600860EA
:1018A0000846006840F480700860032000F080F86B
:1018B0000F2000F007F800F02BF8002010BD00000A
:1018C000003C024070B504460E4800784FF47A712F
:1018D000B1FBF0F00C490968B1FBF0F5284600F0C7
:1018E0009BFC08B1012070BD102C07D200222146BC
:1018F000501E00F01EF80548046001E00120F2E7E8
:101900000020F0E72400002000000020200000203C
:10191000704701460846002809DB00F01F0301223A
:101920009A4043099B0003F1E023C3F8002100BF64
:1019300070472DE9F05F80460D461646002701F0FE
:101940003BFA074639462A46334601F00700C0F104
:10195000070ABAF1040F02D94FF0040A01E0C0F1FE
:10196000070AD14600F1040ABAF1070F02D24FF07C
:10197000000A01E0A0F1030AD4464FF0010A0AFA76
:1019800009FAAAF1010A0AEA020A0AFA0CFA4FF065
:10199000010B0BFA0CFBABF1010B0BEA030B4AEA50
:1019A0000B042146404601F00FFABDE8F09F00000D
:1019B00000BF00F00702064B19684FF6FF031940FD
:1019C000044B0B4343EA0221014B196000BF7047EF
:1019D0000CED00E00000FA0570B504460D460CB9A8
:1019E000012070BD5848006800F00700A84209D2E5
:1019F00055490D700846006800F00700A84201D064
:101A00000120EEE7207800F0020002281DD12078A6
:101A100000F00400042805D14C48006840F4E05070
:101A20004A490860207800F00800082805D1474896
:101A3000006840F46040454908604448006820F070
:101A4000F000A168084341490860207800F00100D7
:101A5000A8B36068012807D13C4808380068C0F383
:101A60004040B8B90120BCE76068022802D0606835
:101A7000032807D1354808380068C0F3406048B9EA
:101A80000120AEE7314808380068C0F3400008B9CB
:101A90000120A6E72D48006820F003006168084394
:101AA0002A490860FFF7DEFE064609E0FFF7DAFE86
:101AB000801B41F28831884202D9032091E707E078
:101AC0002248006800F00C006168B0EB810FEDD196
:101AD0001D48006800F00700A84209D91A490D7096
:101AE0000846006800F00700A84201D0012078E70E
:101AF000207800F00400042807D11448006820F47E
:101B0000E050E168084311490860207800F00800BF
:101B1000082808D10D48006820F46040216940EA97
:101B2000C1000A49086000F03FF808490968C1F39C
:101B30000311074A515CC84006490860064800681E
:101B4000FFF7C0FE00204CE7003C0240083802408E
:101B500048680108000000202000002001480068BB
:101B6000704700000000002000B5FFF7F7FF0449B0
:101B70000968C1F38221034A515CC84000BD0000DE
:101B8000083802405868010800B5FFF7E7FF04492C
:101B90000968C1F34231034A515CC84000BD0000EE
:101BA00008380240586801082DE9F0470024002554
:101BB0000026A1462548006800F00C0020B104284A
:101BC00005D008283AD105E0DFF8849039E0DFF845
:101BD000849036E01D48001F006800F03F041B4859
:101BE000001F006800F4800078B11A481749091FE7
:101BF0000968C1F38811A0FB017001462246002349
:101C00003846FEF745FB05460EE011480F49091F0F
:101C10000968C1F38811A0FB017001462246002328
:101C20003846FEF735FB05460848001F0068C0F33C
:101C30000140401C4600B5FBF6F902E0DFF81090C9
:101C400000BF00BF4846BDE8F087000008380240EA
:101C50000024F40000127A00F8B504460CB9012003
:101C6000F8BD207800F00100002874D0F948006821
:101C700000F00C0004280DD0F648006800F00C00BD
:101C8000082813D1F348001F006800F48000B0F565
:101C9000800F0BD1EF4808380068C0F3404000289F
:101CA00059D06068002856D10120D9E700BF60688C
:101CB000B0F5803F08D1E7480838006840F480302C
:101CC000E449083908601EE06068B0F5A02F0DD126
:101CD000E0480838006840F48020DE490839086090
:101CE0000846006840F4803008600CE0D9480838A5
:101CF000006820F48030D749083908600846006839
:101D000020F48020086000BF606890B1FFF7AAFD52
:101D1000054606E0FFF7A6FD401B642801D9032015
:101D20009EE7CC4808380068C0F340400028F1D056
:101D300011E0FFF797FD054606E0FFF793FD401B16
:101D4000642801D903208BE7C24808380068C0F333
:101D500040400028F1D1207800F0020002285FD135
:101D6000BC48006800F00C0058B1BA48006800F0A8
:101D70000C0008281CD1B748001F006800F4800040
:101D8000B0B9B44808380068C0F3400020B1E0683A
:101D9000012801D0012063E7AE480838006820F030
:101DA000F800216940EAC100AA490839086037E013
:101DB000E06800B30120A8490860FFF753FD05461D
:101DC00006E0FFF74FFD401B022801D9032047E73B
:101DD000A04808380068C0F340000028F1D09D48B2
:101DE0000838006820F0F800216940EAC1009949EC
:101DF0000839086014E0002097490860FFF732FDB9
:101E0000054606E0FFF72EFD401B022801D90320FE
:101E100026E7904808380068C0F340000028F1D158
:101E2000207800F0080008282CD16069A8B10120B2
:101E30008A490860FFF716FD054606E0FFF712FD28
:101E4000401B022801D903200AE782486C30006851
:101E5000C0F340000028F1D014E000207F49086062
:101E6000FFF700FD054606E0FFF7FCFC401B0228DB
:101E700001D90320F4E677486C300068C0F34000D5
:101E80000028F1D1207800F00400042870D1002748
:101E900070483830006800F0805090B900BF0020D2
:101EA00000906C483830006840F080506949383103
:101EB00008600846006800F08050009000BF00BF36
:101EC00001276748006800F48070B0B96448006872
:101ED00040F4807062490860FFF7C4FC054606E0E4
:101EE000FFF7C0FC401B022801D90320B8E65C487C
:101EF000006800F480700028F2D000BFA0680128BC
:101F000008D154486830006840F0010051496831F8
:101F100008601DE0A06805280DD14E4868300068B3
:101F200040F004004B49683108600846006840F002
:101F3000010008600CE047486830006820F00100AC
:101F40004449683108600846006820F004000860D1
:101F500000BFA068A8B1FFF785FC054609E0FFF7C0
:101F600081FC401B41F28831884202D9032077E688
:101F700026E0384868300068C0F340000028EED002
:101F800013E0FFF76FFC054608E0FFF76BFC401B12
:101F900041F28831884201D9032061E62D4868303A
:101FA0000068C0F340000028EFD1012F07D1294875
:101FB0003830006820F0805026493831086000BF72
:101FC000A069002845D02348006800F00C000828CC
:101FD0005DD0A069022845D100201F490866FFF79F
:101FE00041FC054606E0FFF73DFC401B022801D9F5
:101FF000032035E6174808380068C0F34060002821
:10200000F1D1D4E907010843616A40EA8111012254
:10201000A06AC2EB500041EA00412C20005D41EA79
:1020200000600C49091F086001200B490866FFF792
:1020300019FC054606E0FFF715FC401B022801D9F4
:1020400003200DE6034808380068C0F3406000280C
:10205000F1D049E00838024000004742800E474274
:1020600000700040002021490866FFF7FBFB054691
:1020700006E0FFF7F7FB401B022801D90320EFE53C
:102080001B480068C0F340600028F2D12CE0A06932
:10209000012800D1E4E51648001D0668A069012862
:1020A00020D006F48001E06981421BD106F03F0197
:1020B000206A814216D147F6C0703040616AB0EBA9
:1020C000811F0FD106F440310122A06AC2EB5000FB
:1020D000B1EB004F06D106F070612C20005DB1EB32
:1020E000006F01D00120BBE50020B9E500004742A8
:1020F0000038024070B504460E4615460CB9012062
:1021000070BD94F8490028B9002084F848002046A2
:1021100000F01CF804F108012068FEF7BBFC314612
:10212000A2682068FEF7E4FC2946236BD4E901028B
:10213000FEF78CFCA168206850F8210040F00100F7
:10214000A268216841F822000020D9E710B586B0C6
:10215000044600BF002000902248006840F00100C3
:10216000204908600846006800F00100009000BFA8
:1021700000BF00BF002000901A480838006840F0F7
:1021800008001849083908600846006800F008008F
:10219000009000BF00BF00BF00200090084600680C
:1021A00040F0100008600846006800F01000009041
:1021B00000BF00BF4CF2037001900220029001208A
:1021C0000390022004900C20059001A90648FFF717
:1021D00031FA4FF68070019001A90448FFF72AFAFE
:1021E00006B010BD38380240000C0240001002401A
:1021F000042808D14FF0E021096941F004014FF0B3
:10220000E022116107E04FF0E021096921F00401AB
:102210004FF0E0221161704770B504462546681EF4
:10222000B0F1807F01D301200FE0681E4FF0E02164
:1022300048610F214FF0FF3000F0C6FD00204FF045
:10224000E021886107200861002070BD10B50446B8
:102250000CB9012010BD94F83D0028B9002084F885
:102260003C00204600F025F8022084F83D00211DA6
:10227000206800F0E9FA012084F8460000BF84F8E5
:102280003E0001213F2001554020015541200155CC
:1022900000BF00BF012084F84200432001554420C4
:1022A00001554520015500BF012084F83D00002064
:1022B000D0E77047014691F83D00012801D0012088
:1022C0007047022081F83D000868C06840F00100B6
:1022D0000B68D8601A4B086898421BD00868B0F1A8
:1022E000804F17D0174B0868984213D0164B0868D8
:1022F00098420FD0154B086898420BD0144B0868D1
:10230000984207D0134B0868984203D0124B0868D4
:1023100098420CD10868806800F00702062A0CD0A9
:102320000868006840F001000B68186005E0086864
:10233000006840F001000B6818600020C0E7000052
:10234000000001400004004000080040000C004074
:1023500000040140004001400018004070477047F1
:1023600001460022002391F83D2091F83E3042EAD8
:10237000030070472DE9F84F04462068056820687F
:10238000C668206847694FF00009CA4605F00F0982
:10239000B9F1000F0AD105F0200038B106F0200095
:1023A00020B1204600F0F1FABDE8F88FB9F1000F36
:1023B00072D007F0010018B906F4907000286BD0B5
:1023C00005F0010030B106F4807018B1206C40F0C7
:1023D0000100206405F0040030B107F0010018B1DD
:1023E000206C40F00200206405F0020030B107F0DC
:1023F000010018B1206C40F00400206405F00800D2
:1024000048B106F0200010B907F0010018B1206CA7
:1024100040F008002064206C70B305F0200028B163
:1024200006F0200010B1204600F0AFFA20684069A5
:10243000C0F3801A206C00F0080010B9BAF1000F48
:1024400023D0204600F076FA2068406900F0400072
:10245000402816D12068406920F04000216848617A
:10246000A06B50B15648A16B0865A06BFEF7B7FB97
:1024700010B1A06B016D88470CE02046FFF76FFF9D
:1024800008E02046FFF76BFF04E02046FFF767FFF8
:102490000020206488E7FFE7206B012879D105F050
:1024A0001000002875D006F01000002871D000BF81
:1024B000002000902068006800902068406800902C
:1024C00000BF00BF2068406900F04000402839D1BB
:1024D000A06B006840681FFA80F8B8F1000F30D098
:1024E000A08D40452DDDA4F82E80A06BC069B0F50D
:1024F000807F1FD02068C06820F480702168C86089
:102500002068406920F00100216848612068406926
:1025100020F0400021684861202084F83E0000201F
:1025200020632068C06820F010002168C860A06B9C
:10253000FEF700FBA08DE28D801A81B22046FFF7E6
:102540000DFF31E7A08DE18D401A1FFA80F8E08D74
:10255000E8B1B8F1000F1AD02068C06820F490707C
:102560002168C8602068406920F001002168486146
:10257000202084F83E00002020632068C06820F0FE
:1025800010002168C86041462046FFF7E7FE0BE7D0
:10259000FFE705F0800030B106F0800018B120465A
:1025A00000F08BFB00E705F0400030B106F0400082
:1025B00018B1204600F0D9F9F6E600BFF4E60000B5
:1025C0002129000810B504460CB9012010BDA069EE
:1025D00000B100E000BF94F83D0028B9002084F865
:1025E0003C00204600F028F8242084F83D002068B4
:1025F000C06820F400502168C860204600F024FA2A
:102600002068006920F490402168086120684069D2
:1026100020F02A00216848612068C06840F400501A
:102620002168C86000202064202084F83D0084F8E0
:102630003E000020CAE7000010B586B004462E49CF
:102640002068884255D100BF00BF002000902B4871
:10265000006840F01000294908600846006800F052
:102660001000009000BF00BF00BF00BF00BF0020EF
:10267000009022481438006840F001001F491439C6
:1026800008600846006800F00100009000BF00BF2D
:1026900000BF00BF00BF002000900846006840F067
:1026A000010008600846006800F00100009000BFCB
:1026B00000BF00BF48150190022002900120039046
:1026C000022004900720059001A90D48FEF7B2FFF3
:1026D0004FF4806001900720059001A90848FEF79B
:1026E000A9FF2520FFF715F9032211462520FFF742
:1026F00020F906B010BD000000100140443802402F
:102700000000024070B504460D46164694F83E009F
:10271000202816D105B10EB9012070BD00BF94F874
:102720003C00012801D10220F7E7012084F83C0099
:1027300000BF0020206332462946204600F09AFA66
:10274000EBE70220E9E700001D4A0168914236D11B
:102750001C49098801F4004189BB1A49098801F420
:10276000804171B1184909780A2903D00021154A1E
:10277000118024E01349098841F40041114A118075
:102780001DE0114909780D2906D10E49098841F447
:1027900080410C4A118012E00B490978094A1288DD
:1027A000C2F30D02094B995406490988491C054A90
:1027B000118011460988C72901DD00211180704769
:1027C00000100140180000201A000020180300200B
:1027D000704700BFFEE700BFFEE7704710B5FFF788
:1027E00047F813F073FC012801D012F045FF10BD2B
:1027F0000348006840F47000014908607047000019
:1028000088ED00E010B50E480068C06800F00100D7
:1028100078B10C4908698047002009490968486275
:1028200000BF642006490968C86264210448C16089
:1028300000BF6FF0010002490968086110BD000087
:102840001C0500208C00002010B50268294B98421E
:102850000ED0B0F1804F0BD0274B984208D0274BB9
:10286000984205D0264B984202D0264B984203D17D
:1028700022F070024B681A431E4B984220D0B0F1F0
:10288000804F1DD01C4B98421AD01C4B984217D039
:102890001B4B984214D01B4B984211D01A4B9842B4
:1028A0000ED01A4B98420BD0194B984208D0194BB6
:1028B000984205D0184B984202D0184B984203D149
:1028C00022F44072CB681A4322F080034C6943EA39
:1028D000040202608B68C3620B688362054B9842F6
:1028E00002D0084B984201D10B6903630123436175
:1028F00010BD00000000014000040040000800403E
:10290000000C004000040140004001400044014030
:102910000048014000180040001C0040002000401A
:1029200070B50546AC6B0020E085E0842046FFF7DB
:1029300016FD70BD0168C96821F490710268D1600C
:102940000168496921F0010102685161016B0129A7
:1029500005D10168C96821F010010268D160202109
:1029600080F83E1000210163704710B504462068CE
:10297000C06820F040002168C860202084F83D0035
:102980002046FFF725FF002010BD70B5044694F8DF
:102990003E00222856D1A068B0F5805F0CD1206996
:1029A00050B90025A66A20684068C0F3080030804E
:1029B000A06A801CA06215E0A56A0026A068B0F598
:1029C000805F03D0A06828B9206918B920684068E2
:1029D000287004E02068406800F07F002870A06A3A
:1029E000401CA062E08D401E80B2E08540BB2068A4
:1029F000C06820F020002168C8602068C06820F40A
:102A000080702168C8602068406920F0010021685A
:102A10004861202084F83E00206B01280AD12068FC
:102A2000C06820F010002168C860A18D2046FFF723
:102A300095FC02E02046FFF787FE0020206370BD72
:102A40000020FCE70220FAE72DE9F84F0446206851
:102A5000006920F44050E168084321680861216959
:102A6000A068084361690843E16908430090206851
:102A7000C06849F20C618843009908432168C86026
:102A80002068406920F44070A169084321684861CA
:102A900076492068884203D075492068884203D16E
:102AA000FFF772F8814602E0FFF75EF88146E069C1
:102AB000B0F5004F6CD102206168A0FB01500346C5
:102AC0001920A9FB007001462A463846FDF7E0FBB5
:102AD0006421B0FBF1F04FEA001A02206168A0FB0C
:102AE00001510B461920A9FB00712A463846FDF713
:102AF000CFFB834602206168A0FB015003461920EA
:102B0000A9FB00712A463846FDF7C2FB6421B0FBE1
:102B1000F1F000EBC00101EB0010ABEB80003221C3
:102B200001EBC0006421B0FBF1F000F0F8000AEB0B
:102B3000400A02206168A0FB015003461920A9FB4E
:102B4000007001462A463846FDF7A2FB8346022064
:102B50006168A0FB015003461920A9FB00712A46B9
:102B60003846FDF795FB6421B0FBF1F000EBC001A6
:102B700001EB0010ABEB8000322101EBC0006421BF
:102B8000B0FBF1F000F007005044216888606AE073
:102B900004206168A0FB015003461920A9FB0070C6
:102BA00001462A463846FDF773FB824604206168D9
:102BB000A0FB015003461920A9FB007001462A46DC
:102BC0003846FDF765FB6421B0FBF1F000EBC00176
:102BD00001EB0010AAEB8000322101EB0010642110
:102BE000B0FBF1F000F0F00A04206168A0FB017076
:102BF00003461920A9FB00513A462846FDF748FB39
:102C00006421B0FBF1F00AEB001A04206168A0FB1C
:102C100001510B461920A9FB00712A463846FDF7E1
:102C200037FB834604206168A0FB0150034619204E
:102C3000A9FB007001462A463846FDF729FB6421AE
:102C4000B0FBF1F000EBC00101EB0010ABEB80003A
:102C5000322101EB00106421B0FBF1F000F00F0015
:102C6000504421688860BDE8F88F000000100140E2
:102C70000014014010B5034699629A85DA85002058
:102C80001864222083F83E0000BF002083F83C0037
:102C900000BF1868C06840F480701C68E060186865
:102CA000406940F001001C6860611868C06840F02D
:102CB00020001C68E060002010BD014691F83D0036
:102CC000212828D18868B0F5805F0BD1086948B900
:102CD0000A6A1088C0F308000B685860086A801CF4
:102CE000086205E00B6A581C086218780B68586087
:102CF000C88C401E80B2C88458B90868C06820F0EB
:102D000080000B68D8600868C06840F040000B681D
:102D1000D860002070470220FCE7000070B5002456
:102D20000F4D1048FFF726FB00BF03E0641CAC42C8
:102D300000D904E00B48FFF713FB2028F6D100BFB1
:102D4000002403E0641CAC4200D906E001220649DD
:102D50000448FFF7D7FC0028F4D100BF70BD000085
:102D6000FFFF0100E00300201A00002000BFFEE783
:102D70000FB4054B10B503A9044A029800F048F8B7
:102D800010BC5DF814FB0000156000081400002062
:102D90000FB4084B10B504A902AA039800F038F844
:102DA000044602A9002000F064FA204610BC5DF839
:102DB00014FB00007332000802480068C0F30220D0
:102DC000704700000CED00E010B5002804DB0A0796
:102DD000130E054A135406E00A07140E034A00F0C6
:102DE0000F031B1FD45410BD00E400E018ED00E0F9
:102DF00002E008C8121F08C1002AFAD170477047C4
:102E0000002001E001C1121F002AFBD17047000021
:102E10002DE9FF4F8DB00F460546002606E0252818
:102E20000BD0DDE90F1290476D1C761C2878002826
:102E3000F5D111B03046BDE8F08F0024A246A1467E
:102E40000122EC4900E0044315F8013F203B02FA5F
:102E500003F00842F7D128782A2810D06FF02F020B
:102E60002878A0F13001092914D80AEB8A0102EB75
:102E7000410144F0020400EB010A6D1CF0E701CFB0
:102E80005FEA000A03D544F40054CAF1000A44F092
:102E900002046D1C28782E2817D115F8010F44F074
:102EA00004042A280ED06FF02F022878A0F13001F8
:102EB00009290AD809EB890102EB410100EB01095C
:102EC0006D1CF2E757F8049B6D1C28786C280FD016
:102ED00006DC4C2817D068280DD06A2814D104E0ED
:102EE000742810D07A280FD10DE044F400140AE0C1
:102EF00044F4801401E044F440146978814202D122
:102F000004F580146D1C6D1C2A786E2A1FD00CDC11
:102F1000632A31D004DC002A8BD0582A11D1A3E0D7
:102F2000642A68D0692A0CD165E0732A2ED004DCAB
:102F30006F2A73D0702A04D19BE0752A6FD0782A4B
:102F40006ED01046DDE90F129047761C50E1C4F3B5
:102F50000250022806D0032809D0042801CF09D046
:102F6000066045E101CFF117C0E9006140E101CF02
:102F700006803DE106703BE117F8040B8DF8000078
:102F800000208DF80100EB46012003E057F804BB58
:102F90004FF0FF3061074FF0000102D40DE008F15F
:102FA0000101884649450FDA8045F8DB1BF8081017
:102FB0000029F4D108E008F1010188468142FADBDA
:102FC0001BF808100029F6D1DDE90F23AAEB080051
:102FD0008146214600F036F9304400EB080604E053
:102FE000DDE90F121BF8010B9047B8F10108F7D289
:102FF00021464846F7E00A21C4F302534FF0000B84
:103000000891022B04D001CFC117032B09D00AE08D
:10301000FF1D27F00707F7E8020108E032E01FE094
:1030200020E000B2C117042B01D140B2C117031E2A
:1030300071F1000307DA4FF0000CD0EB0C006CEBE1
:1030400001012D2302E0230504D52B238DF8243024
:10305000012303E0E30701D02023F7E7984658E077
:103060000A2110E010210EE010204FF0000B089014
:103070000CE010214FF0000B44F004044FF008095D
:10308000089103E008214FF0000B0891C4F30253AC
:10309000022B04D001CF0021032B06D006E0FF1D38
:1030A00027F00707F7E8020103E080B2042B00D104
:1030B000C0B24FF0000823072BD5702A07D0DDF8E7
:1030C00020C08CF0100C5CEA0B0C05D00EE0402305
:1030D0008DF82430012308E050EA010306D03023A4
:1030E0008DF824308DF8252002239846DDF820C085
:1030F0008CF0080C5CEA0B0C0BD150EA010301D1F7
:10310000630706D530238DF824304FF00108A9F16C
:103110000109582A04D038A20B9208AA0A920BE09F
:103120003AA2F9E75B46089AFDF7B2F80B9B9B5C65
:103130000A9A521E0A92137050EA0102F2D10A98BA
:10314000ADEB000000F1200B600702D524F48034C1
:1031500001E04FF00109D94502DDA9EB0B0000E0C9
:10316000002000EB0B0141440890AAEB010AE003A8
:1031700006D4DDE90F232146504600F063F80644EB
:103180004FF0000908E009A911F80900DDE90F1264
:10319000904709F10109761CC145F4DBE0030CD529
:1031A000DDE90F232146504600F04CF8064404E0C8
:1031B000DDE90F1230209047761C0899481E0890D0
:1031C0000029F5DC08E00A980A990078491C0A9160
:1031D000DDE90F129047761CBBF10001ABF1010B4A
:1031E000F1DC21465046DDE90F2300F019F80644D2
:1031F0006D1C1BE609280100303132333435363777
:103200003839616263646566000000003031323332
:1032100034353637383941424344454600000000D2
:103220002DE9F041044600251E461746880404D4C3
:1032300005E039462020B0476D1C641EF9D52846AC
:10324000BDE8F0812DE9F041044600251E46904678
:10325000C80301D5302700E02027880404D505E005
:1032600041463846B0476D1C641EF9D52846BDE876
:10327000F0810A68531C0B601070704770B50446EB
:103280000420FEF7B5FF0A48046025464FF47A7023
:1032900045434FF0E020006940F002004FF0E0218C
:1032A000086108464561006940F00100086170BD91
:1032B0001000002030B50446002504E04FF47A7079
:1032C00000F004F86D1CA542F8D330BD70B503467C
:1032D00000224FF0E02675690D4E366803FB06F4B8
:1032E0004FF0E026B16910E04FF0E026B069884267
:1032F0000BD0884202D20E1A324402E02E1A0E443B
:1033000032440146A24200D300E0EDE700BF70BDA9
:103310001000002070B505460E4600BF2DB900BF55
:103320000CA0FFF725FD00BF70BD00BF6C6A00BF99
:1033300000BF6CB1607908280AD100BF00BF3068B7
:10334000E169884204D100BF00BF284600F01CFAA2
:1033500000BFE9E76E6574696620213D204E554C3B
:103360004C0000007CB5064600BF2EB900BF44A04B
:10337000FFF7FEFC00BF7CBD00BF746A00BF2CB924
:1033800000BF46A0FFF7F4FC00BFF4E700BF00BF9A
:1033900000BF00206082A06A401C90B100BF00BF47
:1033A000A06A1E303C21B0FBF1F5B5F5803F01D39A
:1033B0004FF6FF75A582A08A08B90120A08200BF40
:1033C00000BFE06A401CA0B100BF00BFE06A1E3031
:1033D0003C21B0FBF1F5B5F5803F01D34FF6FF7509
:1033E0006581608908B90120608100BF00BF6089E4
:1033F000E081206B401CA0B100BF00BF206B1E30DD
:103400003C21B0FBF1F5B5F5803F01D34FF6FF75D8
:10341000A581A08908B90120A08100BF00BFA089B3
:1034200020826089A189884204DBA089002801DD0F
:1034300000206081E07910B1206A01900FE0207FC8
:103440007F2802DCFF21019108E0C02803DB6FF038
:103450007F41019102E04FF6FF71019100BF606A68
:10346000009000BF00BF0A21204601F00FFA6B4612
:1034700001AA04F11C01304608F020FD00BF7AE7E4
:10348000646863705F62696E643A206E6574696631
:1034900020213D204E554C4C0000000064686370B4
:1034A0005F62696E643A206468637020213D204E3B
:1034B000554C4C002DE9F0410646746A00BF00BF30
:1034C0000821204601F0E2F9002204F11C013046F7
:1034D00002F00AF905460DB100BF00BFA079FF2830
:1034E00002DAA079401CA0714FF4FA7707F2F310CA
:1034F000394690FBF1F0208100BF00BFBDE8F081AC
:1035000070B500BF00BF1B4805682FE06C6AFCB1B6
:103510006079E8B1A08A78B1608A401C80B260828C
:10352000A18A884208D100BF00BF284600F0D8FF1A
:10353000284601F0B3F918E0208A50B1218A481ECC
:103540002082012905D100BF00BF284601F05DFAA5
:103550000BE0E08948B1E189481EE081012904D1EE
:1035600000BF00BF284601F02BFA2D68002DCDD1F9
:1035700070BD0000080200202DE9F05F07460D46EF
:1035800016469A4600BF3FB900BF44A0FFF7F0FBC4
:1035900000BF0020BDE8F09F00BF00BF35B900BFED
:1035A00046A0FFF7E5FB00BF0020F3E700BF4FF4A4
:1035B00020724FF49A71362008F0DAFD8146B9F195
:1035C000000F03D100BF00BF0020E3E700BFB9F840
:1035D0000A00B0F59A7F04D200BF40A0FFF7C8FBF5
:1035E00000BF00BF032E02D16879032808D1A87953
:1035F00018B9FCF77FFE4949086048480068286010
:1036000000BF00BFD9F804404FF49A712046FCF780
:10361000AAFE01202070607097F83000A070286822
:1036200007F08EF96060082E0BD0042E09D0072E0B
:1036300007D0032E07D16879052802D068790428BD
:1036400001D17868E0604FF000080BE007F12A0034
:1036500010F8081004F11C0000F8081008F101002F
:103660001FFA80F8B8F1060FF0D32D48C4F8EC002B
:103670000123352204F1F001002000F0B1FA834665
:10368000324604F1F001584600F0C8FA8346BAF118
:10369000000F01D0AAF800B048467BE76468637069
:1036A0005F6372656174655F6D73673A206E657400
:1036B000696620213D204E554C4C000064686370C3
:1036C0005F6372656174655F6D73673A20646863F8
:1036D0007020213D204E554C4C0000006468637002
:1036E0005F6372656174655F6D73673A20636865D7
:1036F000636B2074686174206669727374207062F1
:1037000075662063616E20686F6C642073747275D7
:10371000637420646863705F6D7367007C020020CF
:103720006382536310B500BF0C480078002804DCA6
:1037300000BF0BA0FFF71CFB00BF00BF07480078CD
:10374000401E064908700846007830B90D480068E8
:103750000FF086FE00200B49086010BD78020020A3
:10376000646863705F7063625F726566636F756ED5
:103770007428293A20726566636F756E74206572CD
:10378000726F7200740200202DE9FE4F0646746AC3
:1037900000BF00BF0C21204601F078F802AB0422E4
:1037A00021463046FFF7E8FE054675B3D5F804809C
:1037B0000423322208F1F001BDF8080000F010FAED
:1037C0000290E06907F0BCF88246524608F1F00129
:1037D000BDF8080000F052FA02902A4608F1F00104
:1037E000BDF8080000F0C6FA14484323144A2946DD
:1037F000CDE90060134800680FF068FF07462846CF
:1038000009F08CF800BF00BF04E0FFE700BF00BF75
:103810004FF0FF37A079FF2802DAA079401CA07191
:1038200042F2107909F2F3104FF4FA7190FBF1F0C3
:10383000208100BF00BF3846BDE8FE8FA099010877
:10384000A4990108740200202DE9FE4F07467C6A06
:103850004FF0000A00BF00BF0020E06106212046B3
:1038600001F014F802AB012221463846FFF784FE2E
:103870000546002D4AD06E6800BF00BF02233922E2
:1038800006F1F001BDF8080000F0AAF902903A8DA7
:1038900006F1F001BDF8080000F034FA02900423AC
:1038A000372206F1F001BDF8080000F099F9029006
:1038B000D0460DE0274810F8082006F1F001BDF8C9
:1038C000080000F0ABF9029008F1010000F0FF08D9
:1038D000B8F1040FEED32A4606F1F001BDF8080056
:1038E00000F048FA00BF00BF1B4843231B4A29468B
:1038F000CDE900701A4800680FF0E8FE00BF00BF75
:10390000284609F00BF800BF00BF01E000BF00BF70
:10391000A079FF2802DAA079401CA071A0790628BE
:1039200003DAA1790120884000E03C2000EB40014F
:10393000C1EBC0104FF6FF7101EAC00909F2F310A4
:103940004FF4FA7190FBF1F0208100BF00BF5046A8
:10395000BDE8FE8F70020020A0990108A49901081B
:103960007402002070B50D48056814E06C6A8CB1D3
:103970002089012803DD2089401E20810AE020895A
:10398000012807D12089401E208100BF00BF2846A2
:1039900001F063F82D68002DE8D170BD0802002009
:1039A000F8B506460F46746A002020626062264819
:1039B000C07810B12548C068A0622348007918B1CA
:1039C00022480069E06202E0A06A4008E0621E4806
:1039D000407918B11D484069206304E0A06AC0EB3B
:1039E000C000C00820633869E0611748807938B1A9
:1039F0001649886906F0A4FF20620120E07101E009
:103A00000020E0711048C07920B11049C86906F063
:103A100097FF606200250DE005F108010B4A52F89E
:103A2000210006F08DFF00906946284601F076FAE5
:103A3000681CC5B2022D05DA05F108000249085CD0
:103A40000028E9D1F8BD00009878012070780120A5
:103A500070B50446656A00BF00BF0C21284600F01F
:103A600015FF054B1A461146204608F027FA204656
:103A7000FFF7EAFE70BD0000A099010870B5054689
:103A80000E466C6A00BF00BF0B48807880B10020F2
:103A900020810A49886806F053FFA06100BF00BF7B
:103AA0003069E06100BF00BF284600F009FE01E078
:103AB00000BF00BF70BD0000987801207078012021
:103AC00010B51C48007800282DD100BF1A480068A6
:103AD00020B100BF19A0FFF74BF900BF00BF0FF0E6
:103AE00067FC154908600846006810B94FF0FF30C0
:103AF00010BD11480068407A40F020000E49096866
:103B00004872442217490C4800680FF0DDF943223F
:103B10001449094800680FF04BFA00221249064880
:103B200000680FF07FFC03480078401C01490870D2
:103B30000020DDE7780200207402002064686370D2
:103B40005F696E635F7063625F726566636F756EF7
:103B50007428293A206D656D6F7279206C65616BF0
:103B600000000000A09901088543000870B50546D3
:103B70006C6A04B970BD6079042809D003DC80B197
:103B800003280FD107E0052803D00A280AD101E055
:103B900000BF00BF00BF0020A071284600F05EFB00
:103BA00010E00FE000BF60790C2804DD00BF07A023
:103BB000FFF7DEF800BF00BF0020A0712846FFF726
:103BC00043FE00BF00BF00BFD4E70000696E76610E
:103BD0006C696420646863702D3E73746174650061
:103BE0002DE9F04104460D4617461E4600BFA01CB5
:103BF0003044442804D900BF0748FFF7B9F800BF94
:103C000000BF2046611C8CB22F542046611C8CB230
:103C10002E542046BDE8F081649C010870B504462E
:103C20000D46164600BF442C04D300BF05A0FFF785
:103C30009FF800BF00BF2046611C8CB22E54204666
:103C400070BD0000646863705F6F7074696F6E5F51
:103C5000627974653A206F7074696F6E735F6F7507
:103C6000745F6C656E203C20444843505F4F505455
:103C7000494F4E535F4C454E0000000070B504465E
:103C80000D46164600BF201D442804D900BF0EA0D3
:103C9000FFF76EF800BF00BF320E2046611C8CB2E9
:103CA0002A54C6F307422046611C8CB22A54C6F33C
:103CB00007222046611C8CB22A542046611C8CB21B
:103CC0002E54204670BD0000646863705F6F70748E
:103CD000696F6E5F6C6F6E673A206F7074696F6E9C
:103CE000735F6F75745F6C656E202B2034203C3DD4
:103CF00020444843505F4F5054494F4E535F4C450A
:103D00004E00000070B504460D46164600BFA01CCC
:103D1000442804D900BF08A0FFF72AF800BF00BF5D
:103D2000320A2046611C8CB22A542046611C8CB297
:103D30002E54204670BD0000646863705F6F70741D
:103D4000696F6E5F73686F72743A206F7074696F19
:103D50006E735F6F75745F6C656E202B2032203C34
:103D60003D20444843505F4F5054494F4E535F4CA1
:103D7000454E000070B504460D461646FF2220460B
:103D8000611C8CB22A5404E000222046611C8CB2D3
:103D90002A54442C02D304F0030008B1442CF3D37A
:103DA00004F1F00081B2304608F092FE70BD0000D0
:103DB0002DE9F04F8BB081460020069005900A2136
:103DC000DE48FCF7D0FAB9F80A002C2804D26FF0CC
:103DD00001000BB0BDE8F08FD9F8040004904FF05B
:103DE000F00AB9F80800079000BF4C46CDF820A0B3
:103DF0000AE06089AAEB00001FFA80FA618907983F
:103E0000401A80B20790246814B160895045F0DDF3
:103E100014B96FF00100DCE7564607980990606816
:103E20000A9050E10A98805D039000274FF0FF3818
:103E3000B01C1FFA80FBB34501DAB81EC9E76189DF
:103E4000701C814203DD711C0A98455C07E0206804
:103E500018B120684068007800E0002005462F4631
:103E60000398342854D00BDC032820D003DC80B125
:103E700001286FD111E0062824D033286AD13DE013
:103E8000352857D036285FD03A2868D03B287AD1D9
:103E90006FE00020054607467BE000BF042D02D0FE
:103EA0006FF0050095E700BF4FF0060871E00427AA
:103EB00000BFBD4202DA6FF005008AE700BF4FF095
:103EC000070866E000BFE91705EB91718910A5EBC3
:103ED000810111B16FF005007BE700BF082D01DA09
:103EE000284600E00820074600BFBD4202DA6FF016
:103EF00005006EE700BF4FF008084AE000BF042D40
:103F000002D06FF0050064E700BF4FF0030840E007
:103F100000BF012D02D06FF005005AE700BF00BFBF
:103F20000898F02802D06FF0050052E700BF4FF06C
:103F300000082EE000BF012D02D06FF0050048E719
:103F400000BF4FF0010824E000BF042D03D06FF044
:103F500005003EE717E000BF4FF0020819E000BF80
:103F6000042D02D06FF0050033E700BF4FF00408C6
:103F70000FE000BF042D02D06FF0050029E700BF5D
:103F80004FF0050805E0002700BF00BF00BF00BFDD
:103F900000BF00BF039810B9701C86B277E070199B
:103FA000801CB0F5803F02DB6FF0010011E7701953
:103FB000801C86B2002F6ADD0020029000BF00BF87
:103FC000B8F1000F02DBB8F10A0F04DB00BF5CA000
:103FD000FEF7CEFE00BF00BF584810F80800B0BB87
:103FE000042F01DA384600E0042001905B4602A964
:103FF0002046019A08F002FB01460198814202D056
:104000006FF00100E5E6042F27DD00BFF91707EB8D
:1040100091718910A7EB810111B16FF00500D8E60D
:1040200000BF0120454901F80800029806F088FC0D
:10403000484941F82800381FC7B20BF1040080B28C
:1040400000900098584503DA6FF00100C1E61DE0CA
:10405000DDF800B008F10108B1E7042F04D102989F
:1040600006F06EFC029009E000BF012F02D06FF055
:104070000500AEE600BF9DF80800029001202F4920
:1040800001F808003349029841F8280000BF608910
:10409000B04217DC6089301A86B261890998401AEB
:1040A00080B209900998864209DA246800BF14B9E1
:1040B0006FF005008DE600BF60680A9002E06FF0C7
:1040C000010086E600BF3CB10998864204DA0A98EE
:1040D000805DFF287FF4A6AE18480078D0B11D4956
:1040E00008680021154A1170012803D101210691A9
:1040F00000BF0EE0022803D10121059100BF08E0B6
:10410000032804D101210591069100BF01E000BF01
:1041100000BF00BF069830B1002006904FF06C0A37
:10412000EC20079061E6059830B1002005904FF033
:104130002C0A6C20079058E600204AE69878012067
:10414000636865636B206465636F64655F69647849
:1041500000000000707801202DE9FC4707467C6ACA
:1041600000BF00BF0421204600F090FB01AB0322FA
:1041700021463846FFF700FA0546002D44D06E6808
:104180000223392206F1F001BDF80400FFF728FDF3
:1041900001903A8D06F1F001BDF80400FFF7B2FD81
:1041A00001900423372206F1F001BDF80400FFF767
:1041B00017FD01904FF000080DE0254810F8082089
:1041C00006F1F001BDF80400FFF728FD019008F1A9
:1041D000010000F0FF08B8F1040FEED32A4606F103
:1041E000F001BDF80400FFF7C5FD4323194A294635
:1041F0001948009700680FF0DBF98146284608F05F
:104200008DFB00BF00BF03E000BF00BF4FF0FF39D0
:10421000A079FF2802DAA079401CA071A0790A28B1
:1042200005DAA0794FF47A7110FB01F001E042F257
:1042300010701FFA80FA0AF2F3104FF4FA7190FB33
:10424000F1F0208100BF00BF4846BDE8FC870000B8
:1042500070020020A4990108740200202DE9FC5F7F
:104260008046D8F8244000BF00BF0321204600F05C
:104270000DFB01AB032221464046FFF77DF90646C0
:10428000002E56D075680223392205F1F001BDF8E1
:104290000400FFF7A5FC01904FF4107205F1F00146
:1042A000BDF80400FFF72EFD01900423322205F132
:1042B000F001BDF80400FFF793FC0190E06906F0FF
:1042C0003FFB83465A4605F1F001BDF80400FFF7B5
:1042D000D5FC01900423372205F1F001BDF804005C
:1042E000FFF77EFC019000270AE02348C25D05F13C
:1042F000F001BDF80400FFF791FC0190781CC7B2F3
:10430000042FF2D3324605F1F001BDF80400FFF7A7
:1043100031FD4323194A31461948CDF80080006821
:104320000FF046F98146304608F0F8FA00BF00BFAA
:1043300003E000BF00BF4FF0FF39A079FF2802DA89
:10434000A079401CA071A0790A2805DAA0794FF461
:104350007A7110FB01F001E042F210701FFA80FA4E
:104360000AF2F3104FF4FA7190FBF1F0208100BFD4
:1043700000BF4846BDE8FC9F70020020A4990108D8
:10438000740200202DE9F05F1646DDF828B0514890
:1043900047687C6AD6F804900CB1207900B994E0A3
:1043A00000BF00BF00BF00BF00BF00BF00BF00BF15
:1043B00070892C2802DA00BF00BF86E099F800005F
:1043C000022802D000BF00BF7FE000250CE007F10B
:1043D0002A00415D09F11C00405D814202D000BF0E
:1043E00000BF72E0681CC5B297F83000A84201DD3A
:1043F000062DECD3D9F8040006F0A2FA2168884211
:1044000002D000BF00BF60E021463046FFF7D0FC7D
:1044100010B100BF00BF58E000BF00BF2E48407879
:1044200010B900BF00BF50E0D6F804A02B4890F8A8
:104430000480B8F1050F26D100BF00BF60790128C4
:1044400010D151463846FFF7ABFA97F8310000F02B
:10445000080018B13846FFF72DF835E03846FEF76A
:1044600081FF31E06079032805D06079042802D00B
:104470006079052828D151463846FFF791FA384629
:10448000FEF770FF20E0B8F1060F11D16079032824
:1044900008D06079012805D06079042802D06079BD
:1044A000052805D100BF00BF3846FFF7D1FA0BE061
:1044B000B8F1020F08D16079062805D100BF00BF0E
:1044C00051463846FFF7DAFA00BF304608F026FAC0
:1044D000BDE8F09F80890020987801207078012045
:1044E0002DE9FE430646746A00BF00BF0CB9BDE863
:1044F000FE83607900B9FAE7A06902900020A0610C
:10450000E061206260622063E062A062A08260825B
:104510002082E081304600F03FFA00283FD00021A1
:10452000204600F0B3F901AB072221463046FFF7E1
:1045300023F8054655B36F680423362207F1F001CE
:10454000BDF80400FFF74CFB0190029806F0F8F963
:104550008046424607F1F001BDF80400FFF78EFBEC
:1045600001902A4607F1F001BDF80400FFF702FCB4
:10457000432302AA29461048009600680FF018F855
:10458000284608F0CBF900BF00BF01E000BF00BF24
:104590000A4B1A461146304607F090FC03E0002112
:1045A000204600F073F9207918B1FFF7BBF800201E
:1045B000207100BF9BE7000074020020A099010851
:1045C0002DE9FC4707467C6A00BF00BF0521204655
:1045D00000F05CF901AB032221463846FEF7CCFF20
:1045E0000546002D45D06E680223392206F1F00100
:1045F000BDF80400FFF7F4FA01903A8D06F1F001DE
:10460000BDF80400FFF77EFB01900423372206F17A
:10461000F001BDF80400FFF7E3FA01904FF0000845
:104620000DE0254810F8082006F1F001BDF804005F
:10463000FFF7F4FA019008F1010000F0FF08B8F16B
:10464000040FEED32A4606F1F001BDF80400FFF78F
:1046500091FB432304F1180229461848009700688B
:104660000EF0A6FF8146284608F058F900BF00BFAB
:1046700003E000BF00BF4FF0FF39A079FF2802DA46
:10468000A079401CA071A0790A2805DAA0794FF41E
:10469000FA6110FB01F001E044F620601FFA80FA95
:1046A0000AF2F3104FF4FA7190FBF1F0208100BF91
:1046B00000BF4846BDE8FC8770020020740200205D
:1046C0002DE9FE4F074600BF47B900BF5DA0FEF7CA
:1046D0004FFB00BF6FF00F00BDE8FE8F00BF7C6A8C
:1046E00000BF3CB900BF5EA0FEF742FB00BF6FF009
:1046F0000500F1E700BF00BF00BF0121204600F028
:10470000C5F802AB032221463846FEF735FF0646C0
:10471000002E71D075680223392205F1F001BDF831
:104720000800FFF75DFA02903A8D05F1F001BDF83F
:104730000800FFF7E7FA02900423322205F1F001A6
:10474000BDF80800FFF74CFA0290E06906F0F8F8AF
:1047500083465A4605F1F001BDF80800FFF78EFACE
:1047600002900423362205F1F001BDF80800FFF79E
:1047700037FA0290A06906F0E3F883465A4605F13D
:10478000F001BDF80800FFF779FA02900423372200
:1047900005F1F001BDF80800FFF722FA02904FF092
:1047A00000080DE0354810F8082005F1F001BDF8CB
:1047B0000800FFF733FA029008F1010000F0FF084B
:1047C000B8F1040FEED3324605F1F001BDF8080050
:1047D000FFF7D0FA2A4843232A4A3146CDE9007030
:1047E000294800680EF072FF8146304608F096F8BE
:1047F00000BF00BF04E0FFE700BF00BF4FF0FF397C
:10480000A079FF2802DAA079401CA071A0790628BF
:1048100003DAA1790120884000E03C2000EB400150
:10482000C1EBC0104FF6FF7101EAC00A0AF2F310A3
:104830004FF4FA7190FBF1F0208100BF00BF4846B1
:104840004AE70000646863705F73656C6563743A7F
:10485000206E6574696620213D204E554C4C000049
:10486000646863705F73656C6563743A2064686341
:104870007020213D204E554C4C000000700200205D
:10488000A0990108A49901087402002042798A4283
:1048900003D04171002282710281704770B50446D5
:1048A00000BF3CB900BF2FA0FEF762FA00BF6FF057
:1048B0000F0070BD00BF00BF94F8310000F0010090
:1048C00038B900BF2BA0FEF753FA00BF6FF00F00FE
:1048D000EFE700BF656A00BF00BF208DB0F5107F15
:1048E00004DA00BF00BF4FF0FF30E2E775B900BF48
:1048F00000BF342006F0B4FD054625B900BF00BF57
:104900004FF0FF30D5E7656200BF05E000BF00BF94
:10491000287908B1FEF706FF34212846FBF723FD6E
:1049200000BF00BFFFF7CCF810B14FF0FF30C0E779
:104930000120287194F83100C0F3800028B90221C9
:104940002846FFF7A3FF0020B3E72046FEF77CFFD1
:1049500006462EB12046FFF7C3FD4FF0FF30A8E713
:104960003046A6E76E6574696620213D204E554CA1
:104970004C0000006E65746966206973206E6F7468
:104980002075702C206F6C64207374796C652070B6
:104990006F72743F00000000014679B1486A68B147
:1049A0004A6A50790A2805D05079052802D05079F2
:1049B000042801D1012070470020FCE70020FAE71D
:1049C00070B505466C6A00BF00BF6079012805D04C
:1049D00060790A2802D06079052815D100BF00BF90
:1049E0002846FFF7EDFDA189628A881A00EBD07195
:1049F0000122B2EB610F07DCA189628A881A00EB01
:104A0000D071C1F34F01E18170BD70B505466C6A8C
:104A100000BF00BF6079012808D060790A2805D05E
:104A20006079052802D06079042815D100BF00BF45
:104A30002846FFF791FBA18A628A881A00EBD071A1
:104A40000122B2EB610F07DCA18A628A881A00EBAF
:104A5000D071C1F34F01218270BD70B505466C6AFB
:104A600000BF00BF60790C2802D06079062805D10C
:104A700000BF00BF2846FEF7E7FE31E0607901285D
:104A800011D100BF00BFA079052803DC2846FFF73D
:104A900017FE25E000BF00BF2846FFF721FD28468E
:104AA000FFF7FCFE1CE0607908280CD100BF00BFB6
:104AB000A079012803DC2846FEF7FCFC10E028461C
:104AC000FEF750FC0CE06079032809D1A079022898
:104AD00003DA2846FFF7C2FB02E02846FEF7B4FEE1
:104AE00070BD00000146002051B1CA7A521C022A52
:104AF00006DACA7A521C034B53F8222002B1012075
:104B000070470000B80100202DE9F04105460E462F
:104B1000002428E004EB44003A4951F8200000B397
:104B200004EB440001EB8000007AA84219D104EBA9
:104B30004401344F07EB81014A6805EB0511324F00
:104B400007EB011101F1100004EB44012D4F57F860
:104B5000213031469847002004EB44013A4642F8A0
:104B60002100601CC4B2042CD4DB002421E0AC4240
:104B700000D11CE004EB0410234901EB0010807A03
:104B8000022813D104EB041001EB0010C07B05EBED
:104B900005111D4A02EB0111C97B884206D1042090
:104BA00005EB051102EB0111C87304E000BF601CA6
:104BB000C4B2042CDBDB00BF05EB0510124901EB8E
:104BC0000010C07B04281BDA05EB05110E4A02EB2E
:104BD0000111C97B0D4A52F821000EF041FC002062
:104BE00005EB0511084A02EB0111C97B074A42F89F
:104BF0002100042005EB0511034A02EB0111C873E3
:104C0000BDE8F0815089002010850020008500203B
:104C100010B5002404E0204600F006F8601CC4B281
:104C2000042CF8DB10BD000070B5064606EB06103C
:104C3000344901EB001400BF042E04DB00BF32A096
:104C4000FEF796F800BF00BFA07A00284ED00128DA
:104C500004D0022815D0032849D13CE000F072F8B6
:104C600020810220A0720020E07201202073002029
:104C70006073304600F08EF805460DB100BF00BFEE
:104C80003DE0207B401EC0B2207318BB607B401CFF
:104C9000C0B26073042814D12046FFF723FF38B157
:104CA000E07A401CE07201202073002060730AE06B
:104CB00000BF00BF00213046FFF726FF0020A07292
:104CC0001DE0607B2073304600F064F805460DB1AE
:104CD00000BF00BF13E0206818B12068401E2060AC
:104CE00018B900BF00BF0020A07208E007E000BFB5
:104CF00000BF0CA0FEF73CF800BF00BF00BF00BF24
:104D000070BD000010850020617272617920696EAB
:104D1000646578206F7574206F6620626F756E64AD
:104D200073000000756E6B6E6F776E20646E735F3C
:104D30007461626C6520656E74727920737461743D
:104D4000653A000070B500BFFBF7D4FA85B20024C5
:104D500011E004EB04100A4901EB0010807A0228EC
:104D600007D104EB041001EB00100089A84200D128
:104D7000EAE7601CC4B2042CEBDB284670BD0000DF
:104D80001085002000BF00BF00BF00BF00BF00BFF4
:104D9000704700002DE9F04F89B083460BEB0B10F4
:104DA000554901EB001500BF00BF00BFE87A02289B
:104DB00004DB00BF51A0FDF7DBFF00BF00BFE87AB6
:104DC000544951F8200040B900215846FFF79CFE95
:104DD0000020A87209B0BDE8F08F05F11000FBF7C4
:104DE000CDFA123080B24FF4207201460290362084
:104DF00007F0BEF90746002F73D0002006900790F9
:104E00000890288905F0A9FDADF8180001208DF85B
:104E10001A000002ADF81C000C2206A9384607F063
:104E20005BFF05F11004641E0C2600BF641CA04645
:104E30004FF0000904E009F1010000F0FF09641CD3
:104E400020782E2802D020780028F4D1A4EB080086
:104E500080B2049006EB0900401CB0F5803F00DBF7
:104E600043E04A463146384607F01DFE701C83B2C7
:104E700041463846049A07F0D1FF06EB0900401C72
:104E800086B220780028D1D100223146384607F07A
:104E90000AFE701C86B24FF48070ADF81400ADF8B5
:104EA00016003346042205A9384607F0B7FFE87B11
:104EB000039000BF00BF35200190E97A154800EB50
:104EC00081000290144A039952F821003946DDE925
:104ED00001320EF0FDFA8246384607F01FFD02E06F
:104EE000FFE74FF0FF3A504674E7384607F016FDEB
:104EF0006FF005006EE7000010850020646E7320DF
:104F0000736572766572206F7574206F66206172AA
:104F100072617900B80100200085002002280ADAB9
:104F200021B1054A0B6842F8203004E0024A034BE5
:104F30001B6842F820307047B8010020A099010892
:104F400010B500BF00BFFFF763FE10BD2DE9F041B3
:104F500004460D4600BF05F0030020B100BF09A0C4
:104F6000FDF706FF00BF00BF2E4609F033F90746E4
:104F7000E06800683060E0680660384609F02FF9A4
:104F8000BDE8F0816D656D705F667265653A206D94
:104F9000656D2070726F7065726C7920616C6967E5
:104FA0006E65640070B5054609F014F90646E868B8
:104FB00004688CB12068E968086000BF04F0030051
:104FC00020B100BF08A0FDF7D3FE00BF00BF3046F0
:104FD00009F005F9204670BD304609F000F900BF20
:104FE00000BF0020F7E700006D656D705F6D616CBC
:104FF0006C6F633A206D656D702070726F706572B2
:105000006C7920616C69676E6564000070B5054657
:10501000002411E004EB4400094901EBC000067DC7
:105020004EB104EB440001EBC0008068A84202D1FD
:10503000204600F04FF9641C0A2CEBDB70BD000029
:10504000A47801202DE9FF5F0646894617464FF0F8
:105050000A0AD346D04600240A200390002002907A
:105060000190009000BF73E004EB4400724901EB33
:10507000C000057DB8F10A0F04D11DB900BF00BF03
:10508000A04663E0002D61D000BF012D06D0022DA7
:1050900004DA00BF69A0FDF76BFE00BF00BFBEB120
:1050A00004EB4401644A02EBC1013068496888425C
:1050B0000ED13FB104EB4400114601EBC000806803
:1050C000B84205D100BF00BF204604B0BDE8F09F44
:1050D000012D28D104EB4400574951F8300080B12C
:1050E00004EB440001EBC000418A029881422DDBB1
:1050F000039404EB4400504901EBC000408A029045
:1051000024E004EB44004C4901EBC000418A0198C3
:1051100081421BDBA24604EB4400474901EBC0007F
:10512000408A019012E0022D10DB04EB440042495A
:1051300001EBC000418A0098814207DBA34604EBE3
:1051400044003D4901EBC000408A0090601C04B25D
:105150000A2C89DB09F0020028B9B8F10A0F07D13F
:1051600009F0010020B900BF00BF4FF0FF30ACE7ED
:10517000B8F10A0F02DA444600BF2FE0BBF10A0F74
:105180000FDA5C4600BF00BF00BF04EB44002A49B1
:1051900051F8300020B100BF38A0FDF7E9FD00BF95
:1051A00010E0BAF10A0F02DA544600BF0AE0039891
:1051B0000A2802DA039C00BF04E000BF00BF4FF0E2
:1051C000FF3082E700BF0A2C04DB00BF31A0FDF7EF
:1051D000CFFD00BF00BF204600F07CF800BF0A2CC6
:1051E00004DB00BF2BA0FDF7C3FD00BF00BF00BF65
:1051F00004EB4400104901EBC000007D20B100BF6A
:1052000029A0FDF7B5FD00BF00BF36B104EB440196
:10521000094A02EBC10130684860002004EB4401F8
:10522000054A02EBC101488204EB4400114601EB40
:10523000C0008760204648E7A47801207374617439
:1052400065203D3D204554484152505F53544154E0
:10525000455F50454E44494E47207C7C2073746125
:105260007465203E3D204554484152505F5354419F
:1052700054455F535441424C450000006172705FD9
:105280007461626C655B695D2E71203D3D204E55F9
:105290004C4C000069203C204152505F5441424C2C
:1052A000455F53495A4500006172705F7461626CDA
:1052B000655B695D2E7374617465203D3D204554C6
:1052C000484152505F53544154455F454D505459E5
:1052D0000000000010B5044604EB4400194951F8E1
:1052E000300070B100BF00BF04EB4401154A52F812
:1052F000310007F013FB002004EB4401114A42F88F
:105300003100002004EB44010E4A02EBC101087594
:1053100004EB440102EBC101488204EB440102EBBF
:10532000C101886004EB440102EBC101486004EB59
:105330004400114601EBC00003490A68C260898835
:10534000018210BDA4780120AE990108F0B587B0A4
:1053500007460D4600BF35B900BF35A0FDF708FD73
:1053600000BF07B0F0BD00BF7C682088B0F5807F2B
:1053700008D12079062805D16079042802D16088F7
:10538000082805D000BF00BF384607F0C7FAE8E795
:10539000D4F80E000690A0690590686808B9002648
:1053A00007E005986968884201D1012000E00020EB
:1053B00006460EB1012000E00220034604F1080277
:1053C00006A9284600F0E6FBE088B0F5807F03D010
:1053D000B0F5007F22D11AE000BF00BF86B10222E3
:1053E00006AB04F10800291DCDE90232CDE9001019
:1053F00005F12A0302462631284600F0A9FA05E005
:10540000686808B900BF01E000BF00BF09E000BF45
:1054100000BF06A92846FDF77DFF02E000BF00BFE0
:1054200000BF00BF384607F079FA00BF99E70000D7
:105430006E6574696620213D204E554C4C0000007D
:105440002DE9FE4304460F461546A94600BF24B980
:1054500000BF57A0FDF78CFC00BF00BF00BF27B9FD
:1054600000BF57A0FDF784FC00BF00BF00BF25B9F7
:1054700000BF56A0FDF77CFC00BF00BF2146286896
:1054800000F0C8FF10B1DFF8548186E0287800F002
:10549000F000E02816D101208DF8040000208DF8DE
:1054A00005005E208DF80600687800F07F008DF81A
:1054B0000700A8788DF80800E8788DF809000DF14C
:1054C000040869E02868A1680840D4E90112114085
:1054D00088420ED0288880B24FF6A961884208D051
:1054E000E06810B104F10C0903E06FF00300BDE8BF
:1054F000FE833B48007800EB40003A4901EBC000D6
:10550000007D02281BDB3648007800EB400001EBF1
:10551000C0008068A04212D13149097801EB4101F5
:10552000304A02EBC101D9F800004968884206D12F
:105530002B4802783946204600F056F8D7E7002677
:1055400022E006EB4600274901EBC000007D02285F
:1055500018DB06EB460001EBC0008068A04211D1C9
:1055600006EB46011F4A02EBC101D9F80000496869
:10557000884207D11A48067032463946204600F064
:1055800033F8B4E7701CC6B20A2EDADB3A46494655
:10559000204600F0A9F8AAE700BF4FF40060434698
:1055A00004F12A0239460090204600F06FFC9EE785
:1055B0006E6574696620213D204E554C4C000000FC
:1055C0007120213D204E554C4C00000069706164F3
:1055D000647220213D204E554C4C0000A8990108D2
:1055E00080020020A4780120F8B505460E46144636
:1055F00000BF04EB44002F4901EBC000007D0228EE
:1056000004DA00BF2CA0FDF7B3FB00BF00BF04EB22
:105610004400284901EBC000007D022839D104EB89
:10562000440001EBC000408AB0F58E7F11DD04EB31
:1056300044000A4602EBC000011D284600F014FA9F
:1056400038BB032004EB44011A4A02EBC101087580
:105650001FE004EB4400174901EBC000408AB0F59D
:10566000877F16DB04EB44000B4603EBC00000F120
:105670000C0204EB440003EBC000011D284600F0BF
:1056800001FA30B9032004EB44010A4A02EBC101DC
:1056900008754FF40060009004EB4400054901EBED
:1056A000C00000F10C0305F12A023146284600F043
:1056B000EDFBF8BDA47801206172705F7461626CCB
:1056C000655B6172705F6964785D2E737461746587
:1056D000203E3D204554484152505F53544154456B
:1056E0005F535441424C45002DE9FC5F81460F4613
:1056F000164609F12A0001904FF0FF3A4FF0000BD7
:105700004946386800F086FE38B9387800F0F00075
:10571000E02802D00FB1386828B900BF00BF6FF091
:105720000F00BDE8FC9F4A4601213846FFF78AFC7E
:105730008046B8F1000F07DA00BF00BF0EB100BF0E
:1057400000BF4FFA88F0ECE700BFB8F17F0F04D339
:1057500000BF65A0FDF70CFB00BF00BF08F0FF0411
:1057600004EB4400644901EBC000007D78B94FF0C0
:10577000010B012004EB44015F4A02EBC1010875F3
:1057800004EB4400114601EBC000C0F8089000BFD4
:1057900004EB4400584901EBC000007D01280BD008
:1057A00004EB440001EBC000007D022804DA00BFD6
:1057B00052A0FDF7DDFA00BF00BFBBF1000F00D122
:1057C000F6B93946484600F04FF98246BAF1000F63
:1057D00013D104EB4400484901EBC000007D0128CF
:1057E0000BD1BBF1000F08D100BF00BF002004EBBC
:1057F0004401414A02EBC10148820EB9504690E78C
:1058000000BF26B900BF47A0FDF7B2FA00BF00BF36
:1058100004EB4400384901EBC000007D022811DB95
:10582000434804704FF40060009004EB440001EB27
:10583000C00000F10C0331464846019A00F026FBF7
:1058400082464FE004EB44002B4901EBC000007D91
:10585000012847D100200090354614E000BF688938
:105860002989884206D1286820B100BF31A0FDF700
:105870007FFA00BF00BF287B00F0400010B101207C
:10588000009002E02D68002DE8D100BF009838B1EB
:1058900032464FF420710E2006F062FE054603E00A
:1058A0003546284607F08CF9BDB104EB4400124997
:1058B00051F8300040B100BF00BF04EB44010E4A74
:1058C00052F8310007F02AF804EB44000A4941F885
:1058D00030504FF0000A00BF03E000BF00BF4FF0A0
:1058E000FF3A00BF50461CE774797065206F7665FB
:1058F00072666C6F77000000A47801206172705F9F
:105900007461626C655B695D2E7374617465203DC2
:105910003D2050454E44494E47206F72205354411C
:10592000424C45007120213D204E554C4C0000005A
:10593000800200206E6F207061636B65742071754A
:105940006575657320616C6C6F776564210000007C
:105950002DE9FC5F06460F4690469946DDE90CAB03
:105960000020019000BF26B900BF2DA0FDF700FA6E
:1059700000BF00BF4FF420721C210E2006F0F8FB80
:1059800005462DB900BF00BF4FF0FF30BDE8FC9FBA
:1059900000BF68891C2804DA00BF25A0FDF7E8F9DC
:1059A00000BF00BF6C6800BF00BF0F9804F0D5FFB8
:1059B000E08000BF96F83000062804D000BF2948D8
:1059C000FDF7D6F900BF00BFD9F80000A060B9F814
:1059D0000400A081DBF80000C4F81200BBF804004A
:1059E000E082DAF80000C4F80E000E980068A061AA
:1059F0004FF48070208008206080062020710420F1
:105A0000607140F6060043463A462946009030460B
:105A100000F03CFA284606F081FF00250198B5E722
:105A20006E6574696620213D204E554C4C00000087
:105A3000636865636B20746861742066697273744F
:105A400020706275662063616E20686F6C642073DD
:105A50007472756374206574686172705F686472D3
:105A600000000000A89C010870B504460D4600BF68
:105A700000BF034A2946204600F004F870BD00002C
:105A8000A89901087FB504460D4616460121074A2C
:105A9000201D04F12A038DE82500039132461946A2
:105AA0002046FFF755FF04B070BD0000AE99010815
:105AB00070B500BF00BF002466E004EB4400344929
:105AC00001EBC000057D002D5DD004EB440001EB2F
:105AD000C000408A401C04EB44012D4A02EBC10186
:105AE000488204EB4400114601EBC000408AB0F547
:105AF000967F0DDA04EB440001EBC000007D012825
:105B00000CD104EB440001EBC000408A052805DB02
:105B100000BF00BF2046FFF7DDFB34E004EB44008C
:105B20001B4901EBC000007D032807D1042004EBD2
:105B30004401174A02EBC101087524E004EB44005C
:105B4000134901EBC000007D042807D1022004EBBB
:105B500044010F4A02EBC101087514E004EB440054
:105B60000B4901EBC000007D01280CD104EB44027D
:105B70000B4603EBC202111D04EB440203EBC2020D
:105B80009068FFF771FF641C0A2C96DB70BD000063
:105B9000A47801202DE9F84305460E46174698469D
:105BA00000BF95F83000062804D000BF2FA0FDF7F5
:105BB000DFF800BF00BF00BF00BF5EB1306848B172
:105BC0002946306800F026FC20B9307800F0F0005B
:105BD000E02805D100BF00BF6FF00F00BDE8F883DB
:105BE0002A4641463046FFF72DFA0446002C01DADA
:105BF00060B2F3E7022004EB4401254A02EBC10145
:105C0000087504EB4400114601EBC000856000BF3D
:105C100000BF04EB440001EBC0003968C160B988E3
:105C20000182002004EB440102EBC101488204EB35
:105C30004400114651F83000B0B104EB440051F873
:105C40003090002004EB440142F831004FF4006032
:105C50003B4605F12A0249460090284600F016F915
:105C6000484606F05BFE00BF0020B7E76E6574692A
:105C7000662D3E6877616464725F6C656E203D3DA1
:105C8000204554485F4857414444525F4C454E00BC
:105C9000A478012010B51F2000F04AF900F004009C
:105CA000C043C4B2204610BD014600200A6802F07D
:105CB000004252B90A6802F4004232B90A6802F49A
:105CC000807212B10A68C2F30D4070471CB51948C2
:105CD00000788DF80000174840788DF801001548CD
:105CE00080788DF802001348C0788DF803001148C1
:105CF00000798DF804000F4840798DF805000E48B2
:105D00000E4908600120486081030C488160C91079
:105D1000C16001210182C0F814D081610021C161FC
:105D20004FF400010162FBF765F808B900201CBDC3
:105D30000120FCE7A479012000800240D404002067
:105D40002DE9F04104460E464FF00E0860890E28FA
:105D500000DC59E0E07B18B996F83400401CE07391
:105D6000656800BF00BFAF89287800F00100B0B1BE
:105D70002878012809D1687888B9A8785E280ED1DA
:105D8000607B40F01000607309E00622214928463C
:105D9000FAF7FBFA18B9607B40F008006073082F2F
:105DA00003D0B7F5C16F2AD114E096F8310000F0A6
:105DB000080000B928E04146204606F025FF20B142
:105DC00000BF00BF00BF00BF1EE03146204600F00C
:105DD00071FC15E096F8310000F0080000B913E0FE
:105DE0004146204606F010FF20B100BF00BF00BFB3
:105DF00000BF09E031462046FFF7A8FA00E003E0C3
:105E000000BF0020BDE8F081204606F087FD00209D
:105E1000F8E70000A899010810B51848006840B9D3
:105E20001748006828B91748006810B91648006874
:105E300008B1012000E00020E8B98021002005F031
:105E400079FE0E4908608021002005F073FE0C49A0
:105E5000086041F2D071002005F06CFE094908602D
:105E600041F2D071002005F065FE0749086000BFCF
:105E700000BF00BF00BF002010BD000030000020A8
:105E800034000020380000203C0000202DE9F047BD
:105E900005460E4617469846DDF82090484604F021
:105EA0005CFD82460E21304606F010F900B120E07C
:105EB0007468A4F80CA0D8F800002060B8F80400BA
:105EC000A0803868C4F80600B888608100BF95F8E3
:105ED0003000062804D000BF08A0FCF749FF00BF2F
:105EE00000BF00BF00BF31462846AA699047BDE801
:105EF000F08700BF00BF6FF00100F8E76E657469BE
:105F0000662D3E6877616464725F6C656E206D75A6
:105F10007374206265203620666F72206574686530
:105F2000726E65745F6F7574707574210000000087
:105F300038B504466A4621460248FBF7F9F900984D
:105F400038BD0000D404002070B5044600BF24B959
:105F500000BF11A0FCF70CFF00BF00BF042005F03C
:105F60007FFA054625B900BF00BF4FF0FF3070BD76
:105F70002562652084F832006E21332001550A48DD
:105F800060610A48A06104F12A002860204604F0FC
:105F90009FFA0020EBE700006E6574696620213DE2
:105FA000204E554C4C0000004154000889A60008C2
:105FB000054600262C4600BF00BF27E04FF0FF310A
:105FC000134800680FF0C8FE01281FD10EF0ECFD49
:105FD00000BF204604F0DAFA06460EF031FEAEB1FC
:105FE0000EF0E2FD214630462269904730B100BFF5
:105FF00000BF304606F092FC002605E00021044870
:1060000000680FF0A9FEE4E70EF01AFED6E70000E4
:106010008C02002000BF054A126802F04002002AEC
:10602000F9D0C2B2014B5A60704700000010014025
:106030001CB50648052100238022CDE9001004A1EB
:10604000064810F00DF80FF079F91CBD040000208F
:1060500073746172745F7461736B000099DF000880
:1060600070B505460C4622460321284600F02EF95D
:1060700070BD00002DE9F04F85B004468A46774890
:1060800080680390039800780007860E142E02DAC9
:1060900000BF00BFD9E06089042802D200BF00BF62
:1060A000D3E06068057860684078049015B1082DE9
:1060B00072D100E0C4E0DFF8A49109F11409674847
:1060C000007D00F0F000E02802D100BF00BFC0E07A
:1060D000624A1168506900F09DF910B100BF00BF1D
:1060E000B7E000BF00BF2089082802D200BF00BF70
:1060F000ABE0204600F063F938B100BF00BF204696
:1061000006F00CFC05B0BDE8F08F06F10E0120464C
:1061100005F0DCFF002845D0208930441FFA80FBC1
:106120002089584502DD00BF00BF92E04FF4207285
:1061300059460E2006F01CF8074617B900BF00BFED
:1061400087E0798906F10800814205D200BF00BFCF
:10615000384606F0E3FB7CE0324678680399FAF7AC
:10616000DBF83146384606F04FFD50B100BF00BFA6
:106170003BA0FCF7FDFD00BF00BF384606F0CEFB9C
:1061800067E02146384606F013FA30B100BF00BF81
:10619000384606F0C3FB5CE03EE0204606F0BEFB5E
:1061A0003C460DE006F10E01204606F02DFD38B10B
:1061B00000BF00BF38A0FCF7DBFD00BF00BF48E018
:1061C000D4F804803146204605F080FF08B100BFB6
:1061D00021E06768D9F80000F8602048006938615C
:1061E000002088F80000A8F80200FF203872002084
:1061F000788101200021FF230A46CDE9010A0091A0
:106200004946204600F078FB8346BBF1000F01D0E1
:1062100000BF00BF00BF13E0032D0ED00B2D0CD02C
:106220000C2D0AD0042D08D0052D06D00D2D04D03C
:106230000E2D02D0112D00D000BF00BF00BF00BF47
:1062400000BF204606F06AFB5CE7204606F066FBCE
:1062500058E7204606F062FB00BF53E78089002024
:1062600069636D705F696E7075743A206D6F7669E1
:106270006E6720722D3E7061796C6F616420746F5F
:106280002069636D7020686561646572206661696C
:106290006C65640A0000000069636D705F696E7070
:1062A00075743A20726573746F72696E67206F72CD
:1062B0006967696E616C20702D3E7061796C6F61E9
:1062C00064206661696C65640A0000002DE9FF5F67
:1062D0000646894692464FF01C083089404501DA4F
:1062E000B6F8088008F1080081B24FF4207222202D
:1062F00005F03EFF04461CB900BF00BFBDE8FF9F8C
:1063000000BF618908F10800814204D200BF1CA0CF
:10631000FCF72EFD00BF00BFD6F804B000BF00BFE1
:1063200000BF00BF00BF00BF00BF00BF00BF00BF75
:10633000656885F8009085F801A00020A880E880B5
:106340007168626802F108004246F9F7E5FFDBF880
:106350000C00039003A800F0D7FC07465FB10020B3
:10636000688001200021FF2303AACDE901070091E5
:10637000204600F0C1FA204606F0D0FA00BFBDE783
:10638000636865636B2074686174206669727374F6
:1063900020706275662063616E20686F6C6420698E
:1063A000636D70206D6573736167650070B5054638
:1063B0000C4622460B212846FFF788FF70BDF0B53A
:1063C000064600270024354619E06989686804F00C
:1063D000BBFD0444A0B200EB1444688900EBD0710B
:1063E0004910A0EB410149B10FB9012000E00020A4
:1063F0000746E0B2C4F3072141EA00242D68002DCE
:10640000E3D127B1E0B2C4F3072141EA0024E0431D
:1064100080B2F0BD18B502460092D04300B10AB96F
:10642000012018BD91F8310000F0020008B90020E9
:10643000F7E74868904201D10020F2E700988B68A6
:106440001840D1E901342340984208D1886822EAF3
:1064500000008C68E343984201D10120E1E700206D
:10646000DFE700002DE9F74F8CB004460F464FF0F0
:106470000008398DA1F11400C11700EB5171C1F36F
:10648000CF0A1420059060680990DDF8249099F8EF
:10649000000000F00F001421B1EB800F04D06FF06A
:1064A00005000FB0BDE8F08F00BF6089142807DA3F
:1064B00000BF6CA0FCF75CFC00BF6FF00500F0E7CC
:1064C00000BFB9F8060004F048FA04900498C0F33D
:1064D0000C000790049800F40050039020891438B1
:1064E0001FFA80FBB5E04FF6FF7000EACA0058457E
:1064F00001DD584603E04FF6FF7000EACA0008903D
:106500004FF4207214210E2005F032FE054605B925
:10651000A5E000BF6889142804DA00BF58A0FCF782
:1065200027FC00BF00BF142268680999F9F7F4FE40
:10653000D5F8049008980A9050E061890598081AE7
:1065400080B2029000BF61890598814204DA00BFE1
:1065500053A0FCF70DFC00BF00BF02990A988842C7
:1065600001DA0A9800E002988046B8F1000F03D1E2
:1065700000200590246831E000F070FC06461EB94A
:10658000284606F0CBF96AE061680598084433466E
:1065900041224146CDE90008002005F02FFF0B9075
:1065A0000B9830B9304600F05FFC284606F0B6F98B
:1065B00055E0204606F004FB74613D4830612846F2
:1065C0000B9905F049FF0A98A0EB080080B20A90E9
:1065D0000A9810B100200590246800BF0A9800288E
:1065E000ABD10598404480B20590388D1438584599
:1065F00001DB012000E0002006900798C0F30C00AA
:106600000490069808B1039818B1049840F400501B
:106610000490049804F0A1F9A9F80600089914312F
:1066200088B204F09AF9A9F802000020A9F80A003B
:106630007B69294638460E9A9847284606F06EF937
:106640000898ABEB00001FFA80FB0798504480B21B
:106650000790BBF1000F7FF446AF002021E74FF019
:10666000FF301EE76970345F6672616728293A203F
:106670007062756620746F6F2073686F72740000AB
:1066800074686973206E656564732061207062753B
:106690006620696E206F6E652070696563652100F4
:1066A000702D3E6C656E203E3D20706F666600006A
:1066B000D57300082DE9F04706460F464FF0010A52
:1066C000756828780421B1EB201F07D000BF00BFF8
:1066D000304606F023F90020BDE8F087287800074F
:1066E0004FEA9068688804F038F981463189494555
:1066F00003DD4946304606F0EBF97089404505DB7D
:106700003089484502DBB8F1140F13DAB8F1140FE1
:1067100001DA00BF00BF7089404501DA00BF00BF49
:106720003089484501DA00BF00BF304606F0F6F870
:106730000020D1E728695F494861E8680861084698
:10674000007D00F0F000E0280AD197F8310000F059
:10675000010018B1786808B13C461CE000241AE03A
:10676000384600F0ABF808B13C4614E0002451482C
:10677000007D7F280FD05048046809E0BC4200D15A
:1067800005E0204600F09AF800B103E000BF24685D
:10679000002CF3D100BF84B9687A11280DD105EB24
:1067A000080000BF00BF4188B1F5884F04D100BF89
:1067B00000BF3C464FF0000A00BFBAF1000F15D0F1
:1067C0003C48006990B13B4908693946FFF722FE11
:1067D00028B93848007C00F0F000E02806D100BF5E
:1067E00000BF304606F09AF8002075E734B900BFC4
:1067F00000BF304606F092F800206DE7E8884FF6BB
:106800003F71084048B100BF00BF304600F030F98A
:1068100006460EB900205FE7756800BF00BF00BFE5
:1068200000BF244804604760856028780007800E18
:10683000204988814146304606F0E6F9687A012809
:106840000DD0062806D011280ED1394630460CF05E
:1068500025FC24E03946304608F06EFD1FE039463D
:106860003046FFF707FC1AE0124948692146FFF756
:10687000D1FD70B90F48007D00F0F000E02808D08D
:106880000FFA88F1304606F0E5F802213046FFF7AE
:10689000E7FB00BF00BF304606F040F800BF00BF76
:1068A0000020044908604860886088810861486168
:1068B00000BF11E7808900200802002010B50446BF
:1068C00000BF00BF94F8310000F0010080B16068A3
:1068D00070B1084840696168884205D00549486937
:1068E0002146FFF797FD18B100BF00BF012010BD82
:1068F0000020FCE7808900202DE9FE4F07460C466A
:1069000015469846DDE90C9A0E9EA34625B10CB1BA
:10691000206808B906F1040B43462A465946384612
:10692000CDE9009A029600F003F8BDE8FE8F000062
:106930002DE9F84F05460F4690469A46DDF828B0F7
:106940000C9E00BFA87B012804D000BF37A0FCF735
:106950000FFA00BF00BFB8F1000F44D04FF0140988
:106960001421284605F0B2FB28B100BF00BF6FF02C
:106970000100BDE8F88F6C6800BF6889142804D254
:1069800000BF2DA0FCF7F4F900BF00BF84F808A0F9
:106990000B986072D8F80000206148464FEAE97110
:1069A00009EB9171C1F3870141F04001217084F836
:1069B00001B0288903F0D1FF60800020E0802A48E0
:1069C000008803F0CAFFA08027480088401C2649A1
:1069D00008801FB925480068E06001E03868E06081
:1069E000002060810BE06889142804DA00BF00BF32
:1069F0006FF00100BDE76C6820690090E84600BFB9
:106A000000BF308D48B12889318D884205DD42466E
:106A100031462846FFF726FDABE700BF00BF4246E0
:106A20002946304673699847A3E70000702D3E72EF
:106A30006566203D3D203100636865636B207468A6
:106A40006174206669727374207062756620636178
:106A50006E20686F6C642073747275637420697043
:106A60005F6864720000000082020020A0990108A3
:106A70002DE9F14F84B004984568287800F00F00A4
:106A80001421B1EB800F02D000BF00BF0DE1E888F8
:106A900003F063FFC0F30C004FF6FF7101EAC00A78
:106AA000688803F05AFF074628780007810E029194
:106AB0000299B94200DDF8E00298381A87B20498CA
:106AC00005F045FD06467C48018888190A280CDD3A
:106AD0003146284600F01CFC20B17748008830443D
:106AE0000A2802DD00BF00BFDFE07448046813E03D
:106AF0006069E968884209D1A0692969884205D19D
:106B0000A089A988884201D1012000E0002010B1AD
:106B100000BF00BF02E02468002CE9D100BF34B9F7
:106B20003146284600F01AFB044694B9BDE0E888D7
:106B300003F013FFC0F30C0058B9E08903F00DFF18
:106B4000C0F30C0028B11422294604F10800F9F71B
:106B5000E3FBE888012121EA50100190019850B12F
:106B60000AEB070188B2504503DB4FF6EB71884210
:106B700000DD80E000BF2046019A049900F08AF908
:106B800083460BF1010000B975E04B4800883044A2
:106B900049490880019850B10AEB070188B2A083E7
:106BA000A17F41F00101A17700BF00BF00BFBBF191
:106BB000010F5CD1A08B143080B2009060684068F7
:106BC000D0F8009060684568142204F10801284656
:106BD000F9F7A2FB009803F0C0FE68800020E8806F
:106BE0006881606804900DE0D9F8040003901421D6
:106BF000484606F009F84946049805F02DFC03982C
:106C0000D0F80090B9F1000FEED12C480068844212
:106C100002D14FF000080EE02848D0F8008006E0CE
:106C2000D8F80000A04200D104E0D8F80080B8F104
:106C3000000FF5D100BF4146204600F065FA0498E8
:106C400005F085FC064600BF1B480088B04204DA08
:106C500000BF1BA0FCF78CF800BF00BF16480088DF
:106C6000801B15490880049805B0BDE8F08F00BF6F
:106C700000BF0020F8E700BF24B900BF17A0FCF751
:106C800077F800BF00BF606870B900BF0B480068AC
:106C9000844204D000BF14A0FCF76AF800BF00BF14
:106CA0000021204600F030FA00BF00BF00BF04986A
:106CB00005F034FE0020D7E788020020840200207F
:106CC00069705F72656173735F70627566636F751B
:106CD0006E74203E3D20636C656E0000697072200A
:106CE000213D204E554C4C006E6F742066697273C6
:106CF00074616C74686F756768206A757374206559
:106D00006E7175657565640010B5024622480168AC
:106D100021E091F8310000F00100D8B191F8310084
:106D2000C0F38000B0B14868A0B110688B6818400B
:106D3000D1E901342340984201D1084610BD91F8B1
:106D4000310000F0020028B91068CB68984201D1E8
:106D50000846F3E709680029DBD110480068A0B1B4
:106D60000E48006890F8310000F0010068B10B484F
:106D7000006890F83100C0F3800030B10748006827
:106D8000406810B110787F2803D100BF00BF0020F9
:106D9000D4E702480068D1E7080200200C02002076
:106DA00010B5044610220249204600F003F810BD39
:106DB000947901202DE9FC4706460B4614464FF016
:106DC000000C30680190194601AA00273CE000251C
:106DD00000BF10784FF00A0990FBF9FA09FB1A007E
:106DE00000F0FF08107890FBF9F0107008F1300007
:106DF00000F0FF0A284605F1010909F0FF050DF82A
:106E000000A010780028E4D10BE060460CF1010CE2
:106E1000A04202DB0020BDE8FC871DF8050001F858
:106E2000010B281EA5F1010909F0FF05EDD160460F
:106E30000CF1010CA04201DB0020ECE72E2001F850
:106E4000010B521C781CC7B2042FC0DB4FF00009A5
:106E5000481E014680F800901846DCE710B5052072
:106E600004F062FD10BD000010B5044600BF24B957
:106E700000BF05A0FBF77CFF00BF00BF2146052037
:106E800004F004FD10BD00007020213D204E554C43
:106E90004C0000002DE9F74F84B0064688460025D7
:106EA00001200190D8F8040002900299488803F06C
:106EB00054FD8346029800780007800E03900398E3
:106EC000584503DD681E07B0BDE8F08F0398ABEBB3
:106ED00000001FFA80FB0299C88803F03EFDC0F352
:106EE0000C004FF6FF7101EAC00A00BF00BFD8F8DE
:106EF000044000202060A4F804A00AEB0B00E0800E
:106F0000E088504502DA4FF0FF30DCE7D6F8049015
:106F10003EE0D9F80470A088B988884220DAC4F825
:106F200000909DB1A088E988884203DBE088B98899
:106F3000884202DD4FF0FF30C5E7C5F80080E888E1
:106F4000A18888420BD00020019008E0E088B98831
:106F5000884202DD4FF0FF30B5E7C6F804801AE042
:106F6000A088B988884202D14FF0FF30ABE7A088F3
:106F7000F988884202DA4FF0FF30A4E72DB1E888A3
:106F8000B988884201D000200190D7F800903D4692
:106F9000B9F1000FBDD100BFB9F1000F1FD19DB1F4
:106FA00000BFE888A188884204DD00BF33A0FBF75A
:106FB000DFFE00BF00BFC5F80080E888A1888842D6
:106FC0000DD0002001900AE000BF706820B100BF22
:106FD00032A0FBF7CDFE00BF00BFC6F804800698C4
:106FE00020B9B07F00F00100002844D001980028AB
:106FF0003BD0706818B170684068808810B100207C
:10700000019032E02546D4F800900BE0D9F8044016
:10701000E888A188884202D00020019005E025463A
:10702000D4F80090B9F1000FF0D100BF0198E0B1A1
:1070300000BF706820B900BF26A0FBF799FE00BF13
:1070400000BF00BF70684068A04204D100BF21A00B
:10705000FBF78EFE00BF00BF00BF206820B100BF5D
:1070600020A0FBF785FE00BF00BF019808B10120FA
:1070700029E7002027E7002025E700006368656313
:107080006B20667261676D656E747320646F6E2726
:1070900074206F7665726C61700000006E6F2070F6
:1070A000726576696F757320667261676D656E745F
:1070B0002C2074686973206D757374206265207468
:1070C000686520666972737420667261676D656EAB
:1070D0007421000073616E69747920636865636B65
:1070E0000000000076616C69646174655F646174BE
:1070F000616772616D3A6E6578745F706275662162
:107100003D4E554C4C00000070B504460D460B48F2
:107110000068A04203D109492068086009E000BF67
:1071200025B900BF06A0FBF723FE00BF00BF206803
:1071300028602146042004F0A9FB70BD84020020D1
:1071400073616E69747920636865636B206C696E26
:107150006B6564206C6973740000000070B50546AF
:107160000E46042004F0E0FB044674B9314628467C
:1071700000F0CEF8B04203DB042004F0D5FB044657
:107180001CB900BF00BF002070BD20212046F9F7C8
:10719000EAF80F20E07706480068206004480460A1
:1071A0001422294604F10800F9F7B6F82046EBE767
:1071B000840200202DE9F04704468846002500BFE0
:1071C000A04504D100BF38A0FBF7D2FD00BF00BF2F
:1071D000B8F1000F0AD000BFD8F80000A04204D0D8
:1071E00000BF34A0FBF7C4FD00BF00BF6068D0F84B
:1071F0000490B9F8040008BB6768D9F80000606023
:10720000142204F108017868F9F786F8012138465C
:10721000FFF7CCF8384605F09AF9064600BFA819E2
:10722000B0F5803F04DB00BF27A0FBF7A1FD00BF46
:1072300000BFA81985B2384605F070FB676819E0F1
:10724000D7F80490BA46D9F80070504605F07FF997
:10725000064600BFA819B0F5803F04DB00BF1AA0A6
:10726000FBF786FD00BF00BFA81985B2504605F0A8
:1072700055FB00BF002FE3D141462046FFF744FFF6
:1072800000BF19480088A84204DA00BF17A0FBF726
:107290006FFD00BF00BF14480088401B12490880E2
:1072A0002846BDE8F08700007072657620213D20F9
:1072B00069707200707265762D3E6E657874203D3F
:1072C0003D2069707200000070627566735F6672BF
:1072D000656564202B20636C656E203C3D20307812
:1072E00066666666000000008802002069705F72B2
:1072F000656173735F70627566636F756E74203E4F
:107300003D2070627566735F66726565640000009B
:107310002DE9F84F05468946002700BF0026B246F2
:107320000020009083461B48046821E06069E968FA
:10733000884207D1A0692969884203D1A089A98818
:10734000884201D0012000E0002068B10BF1010B60
:107350001EB92646CDF800A006E0E07FF17F884206
:1073600002DC2646CDF800A0206800B1A2462468C1
:10737000002CDBD12EB130460099FFF71BFF804671
:1073800047444F4502DABBF1010FC7DC3846BDE880
:10739000F88F00008402002070B500260C480468B5
:1073A00013E0E07F002807DDE07F401EE07700BFAC
:1073B00000BF2646246808E000BF00BF25462468B9
:1073C00031462846FFF7F6FE00BF002CE9D170BD1C
:1073D0008402002070B505462C4600BF24B900BFCA
:1073E0000BA0FBF7C5FC00BF00BF00BFAC4204D040
:1073F00000BF0AA0FBF7BCFC00BF00BF606910B172
:10740000606905F08BFA2046FFF72EFD70BD000085
:1074100070637220213D204E554C4C0070637220E9
:107420003D3D20700000000000B587B000BF00BFE8
:10743000002001903848006840F01000364908608C
:107440000846006800F01000019000BF00BF00BFB8
:1074500000BF00BF002001900846006840F0100007
:1074600008600846006800F01000019000BF00BFEF
:1074700000BF00BF00BF002001900846006840F038
:10748000100008600846006800F01000019000BF7E
:1074900000BF00BF00BF00BF002001900846006889
:1074A00040F0010008600846006800F0010001900B
:1074B00000BF00BF00BF10200290002003900120F9
:1074C00004900220059002A91448FAF7B3F80820A6
:1074D000029000200390012004900220059002A950
:1074E0000E48FAF7A7F8042002900020039001202C
:1074F00004900220059002A90848FAF79BF80120A1
:1075000002900020039002200490059002A90448F4
:10751000FAF790F807B000BD303802400010024082
:107520000000024070B504460026094805884088DE
:1075300045430021084602F0ADFD02F059FF00BFAF
:1075400002E004480480761CAE42FAD370BD00000D
:10755000740400208000006C10B504464948847112
:10756000002C45D1F020474908804FF4A070488096
:107570000846808845F21051884210D14FF43050AF
:10758000404908814FF4285048814FF42C5088819D
:107590004FF4F07008804FF4487048801AE0394882
:1075A000808841F6631188420DD12C20354908812D
:1075B0002B2048812A2088814FF4F07008804FF4F6
:1075C0004870488006E02C202E4908812A204881F6
:1075D0002B2088812B48808845F2103188424CD17D
:1075E0004FF4A070274908804FF4F070488044E0C1
:1075F0004FF4A07023490880F02048800846808816
:1076000045F21051884210D14FF430501D49088185
:107610004FF4285048814FF42C5088814FF4487023
:1076200008804FF4F07048801AE01648808841F6D0
:10763000631188420DD12C20124908812A204881EB
:107640002B2088814FF4487008804FF4F0704880F8
:1076500006E02C200B4908812A2048812B208881B4
:107660000848808845F21031884206D14FF4F07006
:10767000044908804FF4A0704880002002F0F2FB1B
:1076800010BD00007404002070B505460E46144677
:107690003146284602F0FEFC02F0AAFE01490C80A9
:1076A00070BD00008000006C10B5CF2002F094FE89
:1076B000002002F085FEC12002F082FE302002F0A0
:1076C0007FFEED2002F088FE642002F079FE0320A8
:1076D00002F076FE122002F073FE812002F070FEAE
:1076E000E82002F079FE852002F06AFE102002F008
:1076F00067FE7A2002F064FECB2002F06DFE392096
:1077000002F05EFE2C2002F05BFE002002F058FE2C
:10771000342002F055FE022002F052FEF72002F063
:107720005BFE202002F04CFEEA2002F055FE002015
:1077300002F046FE002002F043FEC02002F04CFEA4
:107740001B2002F03DFEC12002F046FE012002F0A7
:1077500037FEC52002F040FE302002F031FE30201E
:1077600002F02EFEC72002F037FEB72002F028FEFE
:10777000362002F031FE482002F022FE3A2002F0CC
:107780002BFE552002F01CFEB12002F025FE002049
:1077900002F016FE1A2002F013FEB62002F01CFEC4
:1077A0000A2002F00DFEA22002F00AFEF22002F0F2
:1077B00013FE002002F004FE262002F00DFE012040
:1077C00002F0FEFDE02002F007FE0F2002F0F8FDBF
:1077D0002A2002F0F5FD282002F0F2FD082002F038
:1077E000EFFD0E2002F0ECFD082002F0E9FD542030
:1077F00002F0E6FDA92002F0E3FD432002F0E0FDE7
:107800000A2002F0DDFD0F2002F0DAFD002002F078
:10781000D7FD002002F0D4FD002002F0D1FD0020B1
:1078200002F0CEFDE12002F0D7FD002002F0C8FDFD
:10783000152002F0C5FD172002F0C2FD072002F05E
:10784000BFFD112002F0BCFD062002F0B9FD2B2087
:1078500002F0B6FD562002F0B3FD3C2002F0B0FD70
:10786000052002F0ADFD102002F0AAFD0F2002F06D
:10787000A7FD3F2002F0A4FD3F2002F0A1FD0F2054
:1078800002F09EFD2B2002F0A7FD002002F098FDE3
:10789000002002F095FD012002F092FD3F2002F051
:1078A0008FFD2A2002F098FD002002F089FD0020C3
:1078B00002F086FD002002F083FDEF2002F080FD43
:1078C000112002F089FD7820FBF7F4FC292002F05A
:1078D00083FD10BD10B5ED2002F07EFD012002F009
:1078E0006FFDFE2002F06CFDEE2002F075FDDE2043
:1078F00002F066FD212002F063FDF12002F06CFD34
:10790000012002F05DFDDF2002F066FD102002F094
:1079100057FDC42002F060FD8F2002F051FDC6200B
:1079200002F05AFD002002F04BFDE22002F048FD7B
:10793000E22002F045FDE22002F042FDBF2002F00D
:107940004BFDAA2002F03CFDB02002F045FD0D20C9
:1079500002F036FD002002F033FD0D2002F030FD74
:10796000002002F02DFD112002F02AFD002002F07F
:1079700027FD192002F024FD002002F021FD212026
:1079800002F01EFD002002F01BFD2D2002F018FD6C
:10799000002002F015FD3D2002F012FD002002F053
:1079A0000FFD5D2002F00CFD002002F009FD5D20BE
:1079B00002F006FD002002F003FDB12002F00CFDF4
:1079C000802002F0FDFC002002F0FAFC8B2002F087
:1079D000F7FC002002F0F4FC962002F0F1FC0020FD
:1079E00002F0EEFCB22002F0F7FC002002F0E8FC0E
:1079F000002002F0E5FC022002F0E2FC002002F090
:107A0000DFFC032002F0DCFC002002F0D9FCB320F4
:107A100002F0E2FC002002F0D3FC002002F0D0FCD7
:107A2000002002F0CDFC002002F0CAFC002002F091
:107A3000C7FC002002F0C4FC002002F0C1FC0020C2
:107A400002F0BEFC002002F0BBFC002002F0B8FCFB
:107A5000002002F0B5FC002002F0B2FC002002F091
:107A6000AFFC002002F0ACFC002002F0A9FC0020DA
:107A700002F0A6FC002002F0A3FC002002F0A0FC13
:107A8000002002F09DFC002002F09AFC002002F091
:107A900097FC002002F094FC002002F091FC0020F2
:107AA00002F08EFCB42002F097FC8B2002F088FCE0
:107AB000002002F085FC962002F082FC002002F0FB
:107AC0007FFCA12002F07CFC002002F079FCB520B4
:107AD00002F082FC022002F073FC002002F070FC35
:107AE000032002F06DFC002002F06AFC042002F08A
:107AF00067FC002002F064FCB62002F06DFC002060
:107B000002F05EFC002002F05BFCB72002F064FC97
:107B1000002002F055FC002002F052FC3F2002F051
:107B20004FFC002002F04CFC5E2002F049FC0020DB
:107B300002F046FC642002F043FC002002F040FC0E
:107B40008C2002F03DFC002002F03AFCAC2002F058
:107B500037FC002002F034FCDC2002F031FC002075
:107B600002F02EFC702002F02BFC002002F028FC1A
:107B7000902002F025FC002002F022FCEB2002F015
:107B80001FFC002002F01CFCDC2002F019FC00208D
:107B900002F016FCB82002F01FFC002002F010FCDE
:107BA000002002F00DFC002002F00AFC002002F090
:107BB00007FC002002F004FC002002F001FC002081
:107BC00002F0FEFB002002F0FBFBBA2002F004FCF6
:107BD000242002F0F5FB002002F0F2FB002002F06E
:107BE000EFFB002002F0ECFBC12002F0F5FB2020AF
:107BF00002F0E6FB002002F0E3FB542002F0E0FB81
:107C0000002002F0DDFBFF2002F0DAFB002002F092
:107C1000D7FBC22002F0E0FB0A2002F0D1FB0020DB
:107C200002F0CEFB042002F0CBFB002002F0C8FBE8
:107C3000C32002F0D1FB3C2002F0C2FB002002F086
:107C4000BFFB3A2002F0BCFB002002F0B9FB392058
:107C500002F0B6FB002002F0B3FB372002F0B0FBCD
:107C6000002002F0ADFB3C2002F0AAFB002002F055
:107C7000A7FB362002F0A4FB002002F0A1FB32207B
:107C800002F09EFB002002F09BFB2F2002F098FBED
:107C9000002002F095FB2C2002F092FB002002F065
:107CA0008FFB292002F08CFB002002F089FB2620AC
:107CB00002F086FB002002F083FB242002F080FB10
:107CC000002002F07DFB242002F07AFB002002F06D
:107CD00077FB232002F074FB002002F071FB3C20B4
:107CE00002F06EFB002002F06BFB362002F068FB16
:107CF000002002F065FB322002F062FB002002F05F
:107D00005FFB2F2002F05CFB002002F059FB2C20CF
:107D100002F056FB002002F053FB292002F050FB3A
:107D2000002002F04DFB262002F04AFB002002F06A
:107D300047FB242002F044FB002002F041FB2420FA
:107D400002F03EFB002002F03BFB232002F038FB58
:107D5000002002F035FBC42002F03EFB622002F05E
:107D60002FFB002002F02CFB052002F029FB002055
:107D700002F026FB842002F023FB002002F020FB0F
:107D8000F02002F01DFB002002F01AFB182002F088
:107D900017FB002002F014FBA42002F011FB0020CE
:107DA00002F00EFB182002F00BFB002002F008FB93
:107DB000502002F005FB002002F002FB0C2002F034
:107DC000FFFA002002F0FCFA172002F0F9FA002076
:107DD00002F0F6FA952002F0F3FA002002F0F0FA31
:107DE000F32002F0EDFA002002F0EAFAE62002F0B9
:107DF000E7FA002002F0E4FAC52002F0EDFA3220A2
:107E000002F0DEFA002002F0DBFA442002F0D8FA99
:107E1000002002F0D5FA652002F0D2FA002002F02C
:107E2000CFFA762002F0CCFA002002F0C9FA8820BE
:107E300002F0C6FA002002F0C3FAC62002F0CCFA23
:107E4000202002F0BDFA002002F0BAFA172002F05A
:107E5000B7FA002002F0B4FA012002F0B1FA0020D3
:107E600002F0AEFAC72002F0B7FA002002F0A8FA3A
:107E7000002002F0A5FA002002F0A2FA002002F091
:107E80009FFAC82002F0A8FA002002F099FA002018
:107E900002F096FA002002F093FA002002F090FA25
:107EA000C92002F099FA002002F08AFA002002F0BC
:107EB00087FA002002F084FA002002F081FA002004
:107EC00002F07EFA002002F07BFA002002F078FA3D
:107ED000002002F075FA002002F072FA002002F091
:107EE0006FFA002002F06CFA002002F069FA00201C
:107EF00002F066FA002002F063FA002002F060FA55
:107F0000002002F05DFAE02002F066FA162002F08E
:107F100057FA002002F054FA1C2002F051FA002017
:107F200002F04EFA212002F04BFA002002F048FA4B
:107F3000362002F045FA002002F042FA462002F014
:107F40003FFA002002F03CFA522002F039FA0020F9
:107F500002F036FA642002F033FA002002F030FA20
:107F60007A2002F02DFA002002F02AFA8B2002F08B
:107F700027FA002002F024FA992002F021FA0020CA
:107F800002F01EFAA82002F01BFA002002F018FAF4
:107F9000B92002F015FA002002F012FAC42002F013
:107FA0000FFA002002F00CFACA2002F009FA0020B1
:107FB00002F006FAD22002F003FA002002F000FAE2
:107FC000D92002F0FDF9002002F0FAF9E02002F0D9
:107FD000F7F9002002F0F4F9F32002F0F1F90020A3
:107FE00002F0EEF9E12002F0F7F9162002F0E8F9CC
:107FF000002002F0E5F91C2002F0E2F9002002F076
:10800000DFF9222002F0DCF9002002F0D9F9362055
:1080100002F0D6F9002002F0D3F9452002F0D0F9A1
:10802000002002F0CDF9522002F0CAF9002002F03F
:10803000C7F9642002F0C4F9002002F0C1F97A20E7
:1080400002F0BEF9002002F0BBF98B2002F0B8F973
:10805000002002F0B5F9992002F0B2F9002002F0F8
:10806000AFF9A82002F0ACF9002002F0A9F9B9207C
:1080700002F0A6F9002002F0A3F9C42002F0A0F952
:10808000002002F09DF9CA2002F09AF9002002F0C7
:1080900097F9D22002F094F9002002F091F9D8204B
:1080A00002F08EF9002002F08BF9E02002F088F94E
:1080B000002002F085F9F32002F082F9002002F09E
:1080C0007FF9E22002F088F9052002F079F900201A
:1080D00002F076F90B2002F073F9002002F070F93B
:1080E0001B2002F06DF9002002F06AF9342002F042
:1080F00067F9002002F064F9442002F061F90020E1
:1081000002F05EF94F2002F05BF9002002F058F90E
:10811000612002F055F9002002F052F9792002F0B6
:108120004FF9002002F04CF9882002F049F90020B4
:1081300002F046F9972002F043F9002002F040F9DE
:10814000A62002F03DF9002002F03AF9B72002F033
:1081500037F9002002F034F9C22002F031F9002092
:1081600002F02EF9C72002F02BF9002002F028F9C6
:10817000D12002F025F9002002F022F9D62002F0E9
:108180001FF9002002F01CF9DD2002F019F900208F
:1081900002F016F9F32002F013F9002002F010F9B2
:1081A000E32002F019F9052002F00AF9002002F09C
:1081B00007F90A2002F004F9002002F001F91C205E
:1081C00002F0FEF8002002F0FBF8332002F0F8F88D
:1081D000002002F0F5F8442002F0F2F8002002F04E
:1081E000EFF8502002F0ECF8002002F0E9F86220ED
:1081F00002F0E6F8002002F0E3F8782002F0E0F860
:10820000002002F0DDF8882002F0DAF8002002F009
:10821000D7F8972002F0D4F8002002F0D1F8A62079
:1082200002F0CEF8002002F0CBF8B72002F0C8F838
:10823000002002F0C5F8C22002F0C2F8002002F0CF
:10824000BFF8C72002F0BCF8002002F0B9F8D12036
:1082500002F0B6F8002002F0B3F8D52002F0B0F832
:10826000002002F0ADF8DD2002F0AAF8002002F0B4
:10827000A7F8F32002F0A4F8002002F0A1F8E4200F
:1082800002F0AAF8012002F09BF8002002F098F812
:10829000012002F095F8002002F092F8022002F08E
:1082A0008FF8002002F08CF82A2002F089F80020D4
:1082B00002F086F83C2002F083F8002002F080F8FB
:1082C0004B2002F07DF8002002F07AF85D2002F0E9
:1082D00077F8002002F074F8742002F071F80020A2
:1082E00002F06EF8842002F06BF8002002F068F8CB
:1082F000932002F065F8002002F062F8A22002F05C
:108300005FF8002002F05CF8B32002F059F800207A
:1083100002F056F8BE2002F053F8002002F050F8A8
:10832000C42002F04DF8002002F04AF8CD2002F0FF
:1083300047F8002002F044F8D32002F041F8002072
:1083400002F03EF8DD2002F03BF8002002F038F8A1
:10835000F32002F035F8002002F032F8E52002F0B8
:108360003BF8002002F02CF8002002F029F8002051
:1083700002F026F8002002F023F8022002F020F894
:10838000002002F01DF8292002F01AF8002002F067
:1083900017F83C2002F014F8002002F011F84B20EE
:1083A00002F00EF8002002F00BF85D2002F008F851
:1083B000002002F005F8742002F002F8002001F01D
:1083C000FFFF842001F0FCFF002001F0F9FF932063
:1083D00001F0F6FF002001F0F3FFA22001F0F0FF12
:1083E000002001F0EDFFB32001F0EAFF002001F0D2
:1083F000E7FFBE2001F0E4FF002001F0E1FFC42010
:1084000001F0DEFF002001F0DBFFCD2001F0D8FFFE
:10841000002001F0D5FFD32001F0D2FF002001F0B1
:10842000CFFFDC2001F0CCFF002001F0C9FFF320DA
:1084300001F0C6FF002001F0C3FFE62001F0CCFFF1
:10844000112001F0BDFF002001F0BAFF342001F03F
:10845000B7FF002001F0B4FF562001F0B1FF00206B
:1084600001F0AEFF762001F0ABFF002001F0A8FF85
:10847000772001F0A5FF002001F0A2FF662001F0A7
:108480009FFF002001F09CFF882001F099FF002051
:1084900001F096FF992001F093FF002001F090FF7A
:1084A000BB2001F08DFF002001F08AFF992001F030
:1084B00087FF002001F084FF662001F081FF00208B
:1084C00001F07EFF552001F07BFF002001F078FFD6
:1084D000552001F075FF002001F072FF452001F0EA
:1084E0006FFF002001F06CFF432001F069FF0020C6
:1084F00001F066FF442001F063FF002001F060FFFF
:10850000E72001F069FF322001F05AFF002001F05E
:1085100057FF552001F054FF002001F051FF762055
:1085200001F04EFF002001F04BFF662001F048FFF4
:10853000002001F045FF672001F042FF002001F01C
:108540003FFF672001F03CFF002001F039FF87204A
:1085500001F036FF002001F033FF992001F030FFD9
:10856000002001F02DFFBB2001F02AFF002001F0C8
:1085700027FF992001F024FF002001F021FF772040
:1085800001F01EFF002001F01BFF442001F018FF46
:10859000002001F015FF562001F012FF002001F02D
:1085A0000FFF232001F00CFF002001F009FF332012
:1085B00001F006FF002001F003FF452001F000FF5D
:1085C000002001F0FDFEE82001F006FF002001F090
:1085D000F7FE002001F0F4FE992001F0F1FE0020EA
:1085E00001F0EEFE872001F0EBFE002001F0E8FE36
:1085F000882001F0E5FE002001F0E2FE772001F086
:10860000DFFE002001F0DCFE662001F0D9FE002034
:1086100001F0D6FE882001F0D3FE002001F0D0FE4C
:10862000AA2001F0CDFE002001F0CAFEBB2001F01F
:10863000C7FE002001F0C4FE992001F0C1FE002019
:1086400001F0BEFE662001F0BBFE002001F0B8FE86
:10865000552001F0B5FE002001F0B2FE552001F0DA
:10866000AFFE002001F0ACFE442001F0A9FE002086
:1086700001F0A6FE442001F0A3FE002001F0A0FEC0
:10868000552001F09DFE002001F09AFEE92001F046
:10869000A3FEAA2001F094FE002001F091FE00202C
:1086A00001F08EFE002001F08BFE002001F094FE10
:1086B000AA2001F085FECF2001F08EFE002001F0FF
:1086C0007FFE002001F07CFE002001F079FE0020FA
:1086D00001F076FE002001F073FE002001F070FE34
:1086E000002001F06DFE002001F06AFE002001F084
:1086F00067FE002001F064FE002001F061FE002012
:1087000001F05EFE002001F05BFE002001F058FE4B
:10871000002001F055FE002001F052FE002001F083
:108720004FFEF02001F058FE002001F049FE5020DD
:1087300001F046FE002001F043FE002001F040FE63
:10874000002001F03DFEF32001F046FE002001F084
:1087500037FEF92001F040FE062001F031FE102026
:1087600001F02EFE292001F02BFE002001F028FE52
:108770003A2001F031FE552001F022FE112001F0D7
:108780002BFE6420FAF796FD292001F025FE352006
:1087900001F022FE002001F013FE512001F01CFE2A
:1087A000FF2001F00DFE532001F016FE2C2001F0F9
:1087B00007FE552001F010FE822001F001FE2C2062
:1087C00001F00AFE10BD10B555214FF4704001F0C4
:1087D00019FEAA214FF2010001F014FE52214FF2BE
:1087E000020001F00FFE08214FF2030001F00AFE23
:1087F00001214FF2040001F005FE0D214FF430403D
:1088000001F000FE0D214BF2010001F0FBFD0D21F6
:108810004BF2020001F0F6FD34214FF4364001F036
:10882000F1FD34214BF2016001F0ECFD34214BF2FB
:10883000026001F0E7FD0D214FF4314001F0E2FD4F
:108840000D214BF2011001F0DDFD0D214BF2021064
:1088500001F0D8FD34214FF4374001F0D3FD34212D
:108860004BF2017001F0CEFD34214BF2027001F0A9
:10887000C9FD00214FF4324001F0C4FD00214BF24C
:10888000012001F0BFFD00214BF2022001F0BAFDF2
:1088900024214FF4384001F0B5FD24214BF60100AE
:1088A00001F0B0FD24214BF6020001F0ABFD0121E7
:1088B0004FF43F4001F0A6FD0F214FF4334001F08B
:1088C000A1FD0F214BF2013001F09CFD0F214BF275
:1088D000023001F097FD34214FF4394001F092FD50
:1088E00034214BF6011001F08DFD34214BF60210BE
:1088F00001F088FD08214FF4354001F083FD082187
:108900004BF2015001F07EFD08214BF2025001F0C4
:1089100079FD03214FF4424001F074FD24214FF40E
:108920003A4001F06FFD24214BF6012001F06AFD71
:1089300024214BF6022001F065FD00214FF43C405C
:1089400001F060FD78214BF6014001F05BFD002154
:108950004BF6024001F056FD00214FF43D4001F07E
:1089600051FD78214BF6015001F04CFD00214BF6F2
:10897000025001F047FD00214FF43E4001F042FD5E
:1089800064214BF6016001F03DFD00214FF45140A0
:1089900001F038FD33214DF2011001F033FD0021CB
:1089A0004DF2021001F02EFD34214DF2031001F0C2
:1089B00029FD00214DF2041001F024FD3A214DF271
:1089C000051001F01FFD00214DF2061001F01AFD07
:1089D0004A214DF2071001F015FD00214DF208105B
:1089E00001F010FD5C214DF2091001F00BFD00219A
:1089F0004DF20A1001F006FD81214DF20B1001F03D
:108A000001FD00214DF20C1001F0FCFCA6214DF2FD
:108A10000D1001F0F7FC00214DF20E1001F0F2FCF8
:108A2000E5214DF20F1001F0EDFC01214DF2101087
:108A300001F0E8FC13214DF2111001F0E3FC0121DB
:108A40004DF2121001F0DEFC54214DF2131001F032
:108A5000D9FC01214DF2141001F0D4FC82214DF219
:108A6000151001F0CFFC01214DF2161001F0CAFCE7
:108A7000CA214DF2171001F0C5FC02214DF2181069
:108A800001F0C0FC00214DF2191001F0BBFC0221E5
:108A90004DF21A1001F0B6FC01214DF21B1001F04D
:108AA000B1FC02214DF21C1001F0ACFC34214DF25E
:108AB0001D1001F0A7FC02214DF21E1001F0A2FCD6
:108AC00067214DF21F1001F09DFC02214DF2201094
:108AD00001F098FC84214DF2211001F093FC022159
:108AE0004DF2221001F08EFCA4214DF2231001F072
:108AF00089FC02214DF2241001F084FCB7214DF2D3
:108B0000251001F07FFC02214DF2261001F07AFCC5
:108B1000CF214DF2271001F075FC02214DF22810F3
:108B200001F070FCDE214DF2291001F06BFC0221F6
:108B30004DF22A1001F066FCF2214DF22B1001F0EB
:108B400061FC02214DF22C1001F05CFCFE214DF283
:108B50002D1001F057FC03214DF22E1001F052FCB4
:108B600010214DF22F1001F04DFC03214DF2301079
:108B700001F048FC33214DF2311001F043FC032198
:108B80004DF2321001F03EFC6D214DF2331001F038
:108B900039FC00214FF4524001F034FC33214DF2F6
:108BA000012001F02FFC00214DF2022001F02AFCEF
:108BB00034214DF2032001F025FC00214DF2042068
:108BC00001F020FC3A214DF2052001F01BFC0021B0
:108BD0004DF2062001F016FC4A214DF2072001F06B
:108BE00011FC00214DF2082001F00CFC5C214DF23B
:108BF000092001F007FC00214DF20A2001F002FCDF
:108C000081214DF20B2001F0FDFB00214DF20C20E3
:108C100001F0F8FBA6214DF20D2001F0F3FB00213D
:108C20004DF20E2001F0EEFBE5214DF20F2001F098
:108C3000E9FB01214DF2102001F0E4FB13214DF27C
:108C4000112001F0DFFB01214DF2122001F0DAFBCF
:108C500054214DF2132001F0D5FB01214DF21420D7
:108C600001F0D0FB82214DF2152001F0CBFB012158
:108C70004DF2162001F0C6FBCA214DF2172001F07B
:108C8000C1FB02214DF2182001F0BCFB00214DF286
:108C9000192001F0B7FB02214DF21A2001F0B2FBBE
:108CA00001214DF21B2001F0ADFB02214DF21C20F1
:108CB00001F0A8FB34214DF21D2001F0A3FB02219D
:108CC0004DF21E2001F09EFB67214DF21F2001F0A6
:108CD00099FB02214DF2202001F094FB84214DF2FA
:108CE000212001F08FFB02214DF2222001F08AFBAE
:108CF000A4214DF2232001F085FB02214DF2242016
:108D000001F080FBB7214DF2252001F07BFB022111
:108D10004DF2262001F076FBCF214DF2272001F005
:108D200071FB02214DF2282001F06CFBDE214DF297
:108D3000292001F067FB02214DF22A2001F062FB9D
:108D4000F2214DF22B2001F05DFB02214DF22C208F
:108D500001F058FBFE214DF22D2001F053FB0321C1
:108D60004DF22E2001F04EFB10214DF22F2001F08C
:108D700049FB03214DF2302001F044FB33214DF239
:108D8000312001F03FFB03214DF2322001F03AFB8C
:108D90006D214DF2332001F035FB00214FF453409B
:108DA00001F030FB33214DF2013001F02BFB0021AB
:108DB0004DF2023001F026FB34214DF2033001F078
:108DC00021FB00214DF2043001F01CFB3A214DF251
:108DD000053001F017FB00214DF2063001F012FBC7
:108DE0004A214DF2073001F00DFB00214DF2083011
:108DF00001F008FB5C214DF2093001F003FB00217A
:108E00004DF20A3001F0FEFA81214DF20B3001F0F3
:108E1000F9FA00214DF20C3001F0F4FAA6214DF2DE
:108E20000D3001F0EFFA00214DF20E3001F0EAFAB8
:108E3000E5214DF20F3001F0E5FA01214DF210303D
:108E400001F0E0FA13214DF2113001F0DBFA0121BB
:108E50004DF2123001F0D6FA54214DF2133001F0E8
:108E6000D1FA01214DF2143001F0CCFA82214DF2F9
:108E7000153001F0C7FA01214DF2163001F0C2FAA7
:108E8000CA214DF2173001F0BDFA02214DF218301F
:108E900001F0B8FA00214DF2193001F0B3FA0221C5
:108EA0004DF21A3001F0AEFA01214DF21B3001F003
:108EB000A9FA02214DF21C3001F0A4FA34214DF23E
:108EC0001D3001F09FFA02214DF21E3001F09AFA96
:108ED00067214DF21F3001F095FA02214DF220304A
:108EE00001F090FA84214DF2213001F08BFA022139
:108EF0004DF2223001F086FAA4214DF2233001F028
:108F000081FA02214DF2243001F07CFAB7214DF2B2
:108F1000253001F077FA02214DF2263001F072FA85
:108F2000CF214DF2273001F06DFA02214DF22830A9
:108F300001F068FADE214DF2293001F063FA0221D6
:108F40004DF22A3001F05EFAF2214DF22B3001F0A1
:108F500059FA02214DF22C3001F054FAFE214DF263
:108F60002D3001F04FFA03214DF22E3001F04AFA74
:108F700010214DF22F3001F045FA03214DF230302F
:108F800001F040FA33214DF2313001F03BFA032178
:108F90004DF2323001F036FA6D214DF2333001F0EE
:108FA00031FA00214FF4544001F02CFA33214DF2F4
:108FB000014001F027FA00214DF2024001F022FAAF
:108FC00034214DF2034001F01DFA00214DF204401E
:108FD00001F018FA3A214DF2054001F013FA002190
:108FE0004DF2064001F00EFA4A214DF2074001F021
:108FF00009FA00214DF2084001F004FA5C214DF21B
:10900000094001F0FFF900214DF20A4001F0FAF9A0
:1090100081214DF20B4001F0F5F900214DF20C4099
:1090200001F0F0F9A6214DF20D4001F0EBF900211D
:109030004DF20E4001F0E6F9E5214DF20F4001F04E
:10904000E1F901214DF2104001F0DCF913214DF25C
:10905000114001F0D7F901214DF2124001F0D2F98F
:1090600054214DF2134001F0CDF901214DF214408D
:1090700001F0C8F982214DF2154001F0C3F9012138
:109080004DF2164001F0BEF9CA214DF2174001F031
:10909000B9F902214DF2184001F0B4F900214DF266
:1090A000194001F0AFF902214DF21A4001F0AAF97E
:1090B00001214DF21B4001F0A5F902214DF21C40A7
:1090C00001F0A0F934214DF21D4001F09BF902217D
:1090D0004DF21E4001F096F967214DF21F4001F05C
:1090E00091F902214DF2204001F08CF984214DF2DA
:1090F000214001F087F902214DF2224001F082F96E
:10910000A4214DF2234001F07DF902214DF22440CB
:1091100001F078F9B7214DF2254001F073F90221F1
:109120004DF2264001F06EF9CF214DF2274001F0BB
:1091300069F902214DF2284001F064F9DE214DF277
:10914000294001F05FF902214DF22A4001F05AF95D
:10915000F2214DF22B4001F055F902214DF22C4045
:1091600001F050F9FE214DF22D4001F04BF90321A1
:109170004DF22E4001F046F910214DF22F4001F042
:1091800041F903214DF2304001F03CF933214DF219
:10919000314001F037F903214DF2324001F032F94C
:1091A0006D214DF2334001F02DF900214FF455406F
:1091B00001F028F933214DF2015001F023F900218B
:1091C0004DF2025001F01EF934214DF2035001F02E
:1091D00019F900214DF2045001F014F93A214DF231
:1091E000055001F00FF900214DF2065001F00AF987
:1091F0004A214DF2075001F005F900214DF20850C7
:1092000001F000F95C214DF2095001F0FBF800215A
:109210004DF20A5001F0F6F881214DF20B5001F0A9
:10922000F1F800214DF20C5001F0ECF8A6214DF2BE
:109230000D5001F0E7F800214DF20E5001F0E2F878
:10924000E5214DF20F5001F0DDF801214DF21050F3
:1092500001F0D8F813214DF2115001F0D3F801219B
:109260004DF2125001F0CEF854214DF2135001F09E
:10927000C9F801214DF2145001F0C4F882214DF2D9
:10928000155001F0BFF801214DF2165001F0BAF867
:10929000CA214DF2175001F0B5F802214DF21850D5
:1092A00001F0B0F800214DF2195001F0ABF80221A5
:1092B0004DF21A5001F0A6F801214DF21B5001F0B9
:1092C000A1F802214DF21C5001F09CF834214DF21E
:1092D0001D5001F097F802214DF21E5001F092F856
:1092E00067214DF21F5001F08DF802214DF2205000
:1092F00001F088F884214DF2215001F083F8022119
:109300004DF2225001F07EF8A4214DF2235001F0DD
:1093100079F802214DF2245001F074F8B7214DF292
:10932000255001F06FF802214DF2265001F06AF845
:10933000CF214DF2275001F065F802214DF228505F
:1093400001F060F8DE214DF2295001F05BF80221B6
:109350004DF22A5001F056F8F2214DF22B5001F057
:1093600051F802214DF22C5001F04CF8FE214DF243
:109370002D5001F047F803214DF22E5001F042F834
:1093800010214DF22F5001F03DF803214DF23050E5
:1093900001F038F833214DF2315001F033F8032158
:1093A0004DF2325001F02EF86D214DF2335001F0A4
:1093B00029F800214FF4564001F024F833214DF2F2
:1093C000016001F01FF800214DF2026001F01AF86F
:1093D00034214DF2036001F015F800214DF20460D4
:1093E00001F010F83A214DF2056001F00BF8002170
:1093F0004DF2066001F006F84A214DF2076001F0D7
:1094000001F800214DF2086000F0FCFF5C214DF2F4
:10941000096000F0F7FF00214DF20A6000F0F2FF52
:1094200081214DF20B6000F0EDFF00214DF20C6048
:1094300000F0E8FFA6214DF20D6000F0E3FF0021EF
:109440004DF20E6000F0DEFFE5214DF20F6000F0FE
:10945000D9FF01214DF2106000F0D4FF13214DF22D
:10946000116000F0CFFF01214DF2126000F0CAFF41
:1094700054214DF2136000F0C5FF01214DF214603C
:1094800000F0C0FF82214DF2156000F0BBFF01210A
:109490004DF2166000F0B6FFCA214DF2176000F0E1
:1094A000B1FF02214DF2186000F0ACFF00214DF237
:1094B000196000F0A7FF02214DF21A6000F0A2FF30
:1094C00001214DF21B6000F09DFF02214DF21C6056
:1094D00000F098FF34214DF21D6000F093FF02214F
:1094E0004DF21E6000F08EFF67214DF21F6000F00C
:1094F00089FF02214DF2206000F084FF84214DF2AB
:10950000216000F07FFF02214DF2226000F07AFF1F
:10951000A4214DF2236000F075FF02214DF224607A
:1095200000F070FFB7214DF2256000F06BFF0221C3
:109530004DF2266000F066FFCF214DF2276000F06B
:1095400061FF02214DF2286000F05CFFDE214DF248
:10955000296000F057FF02214DF22A6000F052FF0F
:10956000F2214DF22B6000F04DFF02214DF22C60F4
:1095700000F048FFFE214DF22D6000F043FF032173
:109580004DF22E6000F03EFF10214DF22F6000F0F2
:1095900039FF03214DF2306000F034FF33214DF2EA
:1095A000316000F02FFF03214DF2326000F02AFFFE
:1095B0006D214DF2336000F025FF55214FF47040CE
:1095C00000F020FFAA214FF2010000F01BFF522102
:1095D0004FF2020000F016FF08214FF2030000F0E6
:1095E00011FF00214FF2040000F00CFFCC214FF4DA
:1095F000314000F007FF00214BF2011000F002FFA4
:1096000005214FF4364000F0FDFE70214FF4374045
:1096100000F0F8FE70214BF2017000F0F3FE012122
:109620004FF4384000F0EEFE03214BF6010000F04D
:10963000E9FE03214BF6020000F0E4FE03214BF6A5
:10964000030000F0DFFE02214FF43C4000F0DAFEA0
:1096500000214BF6014000F0D5FE00214BF6024000
:1096600000F0D0FED0214FF4494000F0CBFE0221A3
:109670004CF6011000F0C6FE50214CF6021000F02E
:10968000C1FE50214CF6031000F0BCFE50214CF6F8
:10969000041000F0B7FE00214FF4545000F0B2FE69
:1096A00055214FF4685000F0ADFE4FF4885000F0A3
:1096B00093FE7820F9F70AFE4FF4245000F08CFE58
:1096C00010BD10B5E22000F087FE1D2000F078FEEE
:1096D000022000F075FE042000F072FE6420F9F70D
:1096E000F5FDE02000F078FE012000F069FE0A2080
:1096F000F9F7E0FDE02000F06FFE032000F060FECF
:109700000C20F9F7D7FD012000F066FE0A20F9F7DA
:10971000D1FDE62000F060FE2F2000F051FEFF207A
:1097200000F04EFEFF2000F04BFEB02000F054FE93
:10973000202000F045FE002000F042FE032000F053
:109740003FFE40F21F3000F03BFE012000F038FEEB
:1097500040F2DF1000F034FE002000F031FEB420B3
:1097600000F03AFE042000F02BFE40F21F4000F013
:1097700027FE002000F024FE2E2000F021FE002015
:1097800000F01EFE002000F01BFE002000F018FE7E
:10979000002000F015FEB62000F01EFE022000F0B2
:1097A0000FFE4FF4037000F00BFE002000F008FEE7
:1097B000172000F005FE152000F002FE002000F04A
:1097C000FFFD002000F0FCFDF02000F005FE03206E
:1097D00000F0F6FD292000F0FFFDD02000F0FCFD98
:1097E000002000F0EDFDBE2000F0F6FD052000F0A9
:1097F000E7FDFE2000F0E4FD012000F0E1FD002087
:1098000000F0DEFD002000F0DBFD002000F0D8FDC0
:10981000B82000F0E1FD032000F0D2FD012000F0AF
:10982000CFFDBA2000F0D8FD012000F0C9FD10BD29
:1098300010B5112000F0D0FD7820F9F73BFD36205F
:1098400000F0CAFD002000F0BBFD3A2000F0C4FD8E
:10985000052000F0B5FDB22000F0BEFD0C2000F0A8
:10986000AFFD0C2000F0ACFD002000F0A9FD33207E
:1098700000F0A6FD332000F0A3FDB72000F0ACFD02
:10988000352000F09DFDBB2000F0A6FD322000F049
:1098900097FDC02000F0A0FD0C2000F091FDC2203B
:1098A00000F09AFD012000F08BFDC32000F094FD34
:1098B000102000F085FDC42000F08EFD202000F077
:1098C0007FFDC62000F088FD0F2000F079FDD0203C
:1098D00000F082FDA42000F073FDA12000F070FDD7
:1098E000E02000F079FDD02000F06AFD002000F0BB
:1098F00067FD022000F064FD072000F061FD0A20F2
:1099000000F05EFD282000F05BFD322000F058FDE5
:10991000442000F055FD422000F052FD062000F0EA
:109920004FFD0E2000F04CFD122000F049FD1420E8
:1099300000F046FD172000F043FDE12000F04CFD53
:10994000D02000F03DFD002000F03AFD022000F0A4
:1099500037FD072000F034FD0A2000F031FD2820FB
:1099600000F02EFD312000F02BFD542000F028FDEA
:10997000472000F025FD0E2000F022FD1C2000F005
:109980001FFD172000F01CFD1B2000F019FD1E20FC
:1099900000F016FD2A2000F01FFD002000F010FD51
:1099A000002000F00DFD002000F00AFDEF2000F087
:1099B00007FD2B2000F010FD002000F001FD00202D
:1099C00000F0FEFC012000F0FBFC3F2000F0F8FC62
:1099D000292000F001FD10BD2DE9F04F05460E468F
:1099E00017469846DDF824A04FF0000B781B401C6A
:1099F0001FFA80FB344613E02146284600F04AFB5C
:109A000000F0F6FC4FF0000906E00749A1F800A0BD
:109A100009F101001FFA80F9D945F6DB601C84B218
:109A20004445E9DDBDE8F08F8000006C00B595B0DD
:109A300000BF00BF00200190FD48006840F04000DA
:109A4000FB4908600846006800F04000019000BF34
:109A500000BF00BF00BF00BF0020019008460068A3
:109A600040F0080008600846006800F00800019017
:109A700000BF00BF00BF00BF00BF0020019008462C
:109A8000006840F0080008600846006800F0080020
:109A9000019000BF00BF00BF00BF00BF00200190C9
:109AA0000846006840F0400008600846006800F082
:109AB0004000019000BF00BF00BF00BF00BF0020FA
:109AC00001900846006840F00200086008460068FF
:109AD00000F00200019000BF00BF00BF881410908A
:109AE0000220119001201290022013900C2014905B
:109AF00010A9D048F7F79EFD2020109010A9CE485D
:109B0000F7F798FD1020109010A9CB48F7F792FDB9
:109B10004FF48050109010A9C848F7F78BFD4FF410
:109B2000004010900120119010A9C548F7F782FD60
:109B30004FF02040C3490860C34848600620886051
:109B40000021C048C1601021416100218161C161D3
:109B500041624FF4805181620021C1624FF4804123
:109B600001630021416381630F20099000200A9066
:109B70003C200B9000200F900590092002900020BF
:109B80000390082004900020089002AA09A9AD487B
:109B9000F8F7B0FA3220F9F78DFBD32000F01CFC67
:109BA00000F056F9A949888000F052F9A749888049
:109BB00000F04EF9A5498880084680884FF6FF716D
:109BC00001EA0020A149888000F042F99F49898874
:109BD00008439E4988800846808849F2413188427E
:109BE0007DD0042000F0F8FB00F032F9974988801E
:109BF00000F02EF99549888000F02AF99349888071
:109C0000084680884FF6FF7101EA00208F4988805E
:109C100000F01EF98D49898808438C4988800846E0
:109C2000808848F25251884203D147F289708749AF
:109C300088808648808847F289718842D0D0D420B5
:109C400000F0CAFB00F004F98049888000F000F9B8
:109C50007E49888000F0FCF87C498880084680882E
:109C60004FF6FF7101EA00207849888000F0F0F893
:109C7000764989880843754988800846808845F276
:109C80001031884262D055214FF4704000F0BAFB89
:109C9000AA214FF2010000F0B5FB52214FF2020061
:109CA00000F0B0FB08214FF2030000F0ABFB0121F4
:109CB0004FF2040000F0A6FB4FF4454000F08CFB8F
:109CC00000F0C6F861498880084680884FF6FF7129
:109CD00001EA00205D4988804CF2015000E035E047
:109CE00000F07AFB00F0B4F85849898808435749D6
:109CF00088800520F9F7DEFA5448808845F2105133
:109D0000884223D0A12000F067FB00F0A1F84F4962
:109D1000888000F09DF84D498880084680884FF67D
:109D2000FF7101EA00204949888000F091F8474915
:109D300089880843454988800846808845F26171D2
:109D4000884203D141F66310404988803F488088AB
:109D500047F28971884202D1FFF76AFD25E03B484E
:109D6000808849F24131884202D1FDF79DFC1CE018
:109D70003648808845F21031884202D1FDF7AAFDAD
:109D800013E03248808845F21051884202D1FEF734
:109D90001AFD0AE02D48808841F66311884204D1FB
:109DA000FFF78FFC642000F0DBFA2848808849F236
:109DB000413188420BD02548808841F663118842A2
:109DC00005D02248808847F28971884209D1032052
:109DD000029004901B490B6B8A68486802A9F6F749
:109DE00035FE1A48808845F21031884205D0174860
:109DF000808845F21051884209D1022002900490D7
:109E000010490B6B8A68486802A9F6F71FFE00200C
:109E1000FDF7A2FB00BF0122D1030948F7F716FDA9
:109E200000BF4FF6FF70FDF77DFB15B000BD0000D1
:109E30003038024000180240000C0240001402407A
:109E40000004024024040020040100A07404002047
:109E500008B5034800880090BDF8000008BD000068
:109E60008000006CF0B50546002400278848807902
:109E7000012805D18648808841F66311884208D1BF
:109E800083488079F0B98248808841F6631188421E
:109E900018D1082D15D2DFE805F00406080A0C0ECB
:109EA000101206250DE007250BE0042509E0052525
:109EB00007E0012505E0002503E0032501E0022578
:109EC00000BF00BF082D1CD2DFE805F00406090C16
:109ED0000F12151800BF14E044F0800411E044F0A4
:109EE00040040EE044F0C0040BE044F0200408E01D
:109EF00044F0600405E044F0A00402E044F0E00413
:109F000000BF00BF36276248808845F21051884262
:109F100000D13F025E48808849F24131884205D035
:109F20005B48808847F28971884201D144F0080477
:109F30002146384600F066FA5548808841F663119C
:109F400088421DD004F0200068B151480088504973
:109F50004988884214DA4E48068840884C4908806F
:109F6000084646800CE04A480088494949888842AA
:109F700006DD4748068840884549088008464680EF
:109F80004348808845F21051884252D1404948895F
:109F900000F022FA002000F013FA3D494989491CDB
:109FA00088B200F019FA002000F00AFA384949890D
:109FB000891C88B200F010FA35490988491EC1F39E
:109FC0000F2000F0FDF932494989C91C88B200F020
:109FD00003FA2F490978491EC8B200F0F1F92C495B
:109FE000888900F0F9F9002000F0EAF92849898908
:109FF000491C88B200F0F0F9002000F0E1F9244992
:10A000008989891C88B200F0E7F921494988491EED
:10A01000C1F30F2000F0D4F91D498989C91C88B209
:10A0200000F0DAF91A498978491EC8B200F0C8F977
:10A030002DE01749488900F0CFF9002000F0C0F961
:10A04000002000F0BDF912490988491EC1F30F2014
:10A0500000F0B6F90E490978491EC8B200F0B0F90F
:10A060000B49888900F0B8F9002000F0A9F9002018
:10A0700000F0A6F906494988491EC1F30F2000F0F7
:10A080009FF903498978491EC8B200F099F9F0BDDB
:10A090007404002010B502460C464548808841F6FD
:10A0A0006311884247D142488079A8B94048008866
:10A0B000401E801A82B23E49488900F08DF9002086
:10A0C00000F07EF9002000F07BF9101200F078F922
:10A0D000D0B200F075F916E03549488900F07CF9F6
:10A0E000101200F06DF9D0B200F06AF93049098819
:10A0F000491EC1F30F2000F063F92D490978491E6C
:10A10000C8B200F05DF92A49888900F065F920128B
:10A1100000F056F9E0B200F053F925494988491E8C
:10A12000C1F30F2000F04CF921498978491EC8B2CB
:10A1300000F046F93AE01E48808845F21051884206
:10A1400020D11B49488900F047F9101200F038F976
:10A1500017494989491C88B200F03EF9D0B200F095
:10A160002FF91349888900F037F9201200F028F9F7
:10A170000F498989491C88B200F02EF9E0B200F03D
:10A180001FF913E00A49488900F026F9101200F07F
:10A1900017F9D0B200F014F90549888900F01CF9CC
:10A1A000201200F00DF9E0B200F00AF910BD000035
:10A1B000740400202DE9FC4F80460E4615461C46CF
:10A1C000B3460020019000902046E31704EB537340
:10A1D000DB1021464FEAE47C04EB5C7C4FEAEC0C9C
:10A1E000A4EBCC0CBCF1000F02D04FF0010C01E04D
:10A1F0004FF0000C6344224604EBD27C4FEA6C0C17
:10A2000003FB0CF3DBB20193A5F12000C5B20C2CCB
:10A2100006D0102C0BD0182C0ED0202C18D112E008
:10A2200005EB45002D4901EB8000009012E02C4821
:10A2300000EB051000900DE005EBC500294901EB8E
:10A240008000009006E0284800EB8510009001E0B7
:10A25000BDE8FC8F00BF00273AE0009810F8079097
:10A260004FF0000A2EE009F0800028B13146404648
:10A270000C9AFDF709FA07E00B9828B91B483146FC
:10A2800002684046FDF700FA4FEA49604FEA10695C
:10A29000701C86B216484088B04200DCD8E7A6EBB6
:10A2A0000B00A0420AD15E4608F101001FFA80F8B7
:10A2B0000F480088404500DCCAE706E00AF10100CB
:10A2C00000F0FF0ABAF1080FCDDB00BF781CC7B25F
:10A2D00001988742C1DB00BFBAE70000606801084F
:10A2E000D46C0108C4720108208001082C000020F1
:10A2F000740400202DE9FC4F04460D469046994613
:10A30000DDE90C7A0B9E04F0FF0B08EB04001FFA4A
:10A3100080F809EB05001FFA80F917E0444502DBDD
:10A320005C46A81985B24D4500DB15E00020CDE95B
:10A33000000A3A78334629462046FFF73BFF30466D
:10A3400006EBD07104EB61018CB27F1C38787E285B
:10A3500002DC38782028E1DA00BFBDE8FC8F00007D
:10A3600070B52DED048B0446BE2000F035F80520B5
:10A3700000F026F82046F6F787F841EC190B9FED20
:10A380000E0B53EC102BF6F70DF841EC180BF6F70B
:10A3900088F885B2284600F013F8012000F010F884
:10A3A000FF2000F00DF8002000F00AF8002000F077
:10A3B00007F8BDEC048B70BD666666666666044091
:10A3C00001B5BDF800000090BDF80000014908800B
:10A3D00008BD00008000006C01B5BDF800000090D1
:10A3E000BDF800000149088008BD00007E00006C37
:10A3F0000248008902490880704700007404002068
:10A400007E00006C034A10804FF0D842A2F8801002
:10A41000704700007E00006C00B587B000BF00BF31
:10A42000002001902048006840F020001E4908608C
:10A430000846006800F02000019000BF00BF00BF88
:10A4400000BF00BF002001900846006840F02000D7
:10A4500008600846006800F02000019000BF00BFBF
:10A4600000BF48150290012003900490022005903F
:10A4700002A90E48F7F7DEF84FF48060029002A9B7
:10A480000A48F7F7D7F800BF012251020748F7F74B
:10A49000DDF900BF00BF012291020448F7F7D6F9A9
:10A4A00000BF07B000BD0000303802400014024079
:10A4B00000BF0AE000BF4FF480610448F7F7BCF921
:10A4C00000BF4FF47A700AF03FFDF3E7001402403A
:10A4D0001CB50446062084F830002148007884F832
:10A4E0002A001F4841782B2001551D4881782C20D7
:10A4F00001551B48C1782D200155194801792E209E
:10A500000155174841792F20015540F2DC50208534
:10A510000322002101200BF0DBF812490860022021
:10A52000430222461049009010A004F00DF801905B
:10A530000E2084F8310004230F4802680F48016898
:10A540000F48F6F7BBFB04230E4802680E4801686B
:10A550000B48F6F76DFB0A48F6F733FF1CBD000009
:10A56000A47901208C020020B15F00086574685F47
:10A5700074687265616400003C00002034000020B3
:10A58000D404002038000020300000202DE9F84FCE
:10A590000024A246A046002000903A48F6F7D0FBDF
:10A5A00010B10020BDE8F88F3648808F1FFA80FB7D
:10A5B0003448D0F840904FF4C1725946002001F061
:10A5C000D7FD0746002F32D02E48066B00243D46AB
:10A5D0002BE0B5F80A804FF0000A16E040F2F45381
:10A5E0001A1B09EB04016B6803EB0A00F5F794FEF4
:10A5F000F668D6F8089040F2F450001BA8EB00086B
:10A6000040F2F450001B8244002408EB040040F2A6
:10A61000F4518842E2D809EB04016A6802EB0A00AF
:10A620004246F5F779FE44442D68002DD1D11548F6
:10A63000066B0020009007E0306840F0004030607A
:10A64000F6680098401C00900E48816B009881428B
:10A65000F2D800210B488163006800F58050406902
:10A6600000F0800058B180210648006800F5805055
:10A67000416100210348006800F580508160384640
:10A6800090E70000D40400202DE9F84F8B463748AE
:10A69000C06A806800904FF0000900240026A2469E
:10A6A0003248D0F82C8000BF5D463FE0D8F800006B
:10A6B00000F0004010B16FF007073FE06E894FF0E7
:10A6C000000A23E040F2F4531A1B6B6803EB0A0103
:10A6D000009B1819F5F720FED8F80C80D8F8000078
:10A6E00000F0004010B16FF0070727E0D8F808002D
:10A6F000009040F2F450001B361A40F2F450001B58
:10A70000824440F2F450001B81440024301940F28E
:10A71000F4518842D6D86A6802EB0A01009A1019EF
:10A720003246F5F7F9FD3444B1442D68002DBDD112
:10A7300049460E48F6F797FE002700BF0B48006811
:10A7400000F58050406900F0200058B120210748F2
:10A75000006800F58050416100210448006800F560
:10A76000805041603846BDE8F88F0000D4040020D6
:10A77000C0218171A822C271012202721B22427281
:10A78000B8210170AE2141701D2181700021C1707E
:10A790000721017100214171C0218172A822C2727A
:10A7A000012202731E224273FF218173FF22C273B2
:10A7B000027400224274C0218174A822C274012252
:10A7C00002754275002181757047000030B587B071
:10A7D00000250021084608F0FFF9FBF71DFB10B12A
:10A7E000012007B030BD2948FFF7C2FF06E0681C12
:10A7F000C5B2052D02DD00250320F2E7FBF766FA5E
:10A800000028F4D1069005900490214821490022A7
:10A8100004ABCDE90021029005AA06A91E4801F06B
:10A820009DF904460CB90420DBE71B4801F076FBD8
:10A83000194890F83100C0F3800018B1164801F0B3
:10A8400019FC02E0144801F071FB134800F0AEF867
:10A850001249114801F09CFB03204FF480730E4A0B
:10A860000F4900900FA003F06FFE039000200749EE
:10A87000C875887504208301074A0D4900900DA012
:10A8800003F062FE03900020ABE70000A4790120F2
:10A89000052D0108495F0008C0790120ADA9000815
:10A8A00029AA00086574685F6C696E6B000000007F
:10A8B000A9AA00086574685F6468637000000000FE
:10A8C0002DE9F041044625466868804703F0D2FD33
:10A8D00006460D49286809684718B81BB0F1004FB3
:10A8E00001D3012000E0002030B1296888192246F8
:10A8F000064903F0A1FE04E022460449384603F06D
:10A900009BFEBDE8F081000060020020C1A80008A5
:10A9100000BF002411E0601CC4B2282094FBF0F1B9
:10A9200000FB114030B900BF4FF400710348F6F747
:10A9300083FF00BF05200AF007FBECE7001402408C
:10A940000146080601F47F4240EA022001F47F023A
:10A9500040EA122040EA1160704701460806000CE8
:10A9600040EA11207047000008B50020009000BFA9
:10A970006846804204D000BF0B48F8F7F9F900BFE1
:10A9800000BF00BF00BF03F059FC00F0F3FC00F073
:10A99000A5FF01F055FA08F075FB04F0C1FCFAF7C9
:10A9A000F1F903F0B7FE08BDB89A010810B50446E6
:10A9B00094F8310000F0010030B101200649087020
:10A9C00006A0F8F7D5F905E00520034908700CA0AA
:10A9D000F8F7CEF910BD0000900200205468652001
:10A9E0006E6574776F726B206361626C652069734A
:10A9F00020636F6E6E6563746564200D0A0000004D
:10AA0000546865206E6574776F726B206361626C49
:10AA100065206973206E6F7420636F6E6E6563745A
:10AA20006564200D0A00000008B50446002000906F
:10AA30002646002530E06A4601211848F6F778FCE2
:10AA4000009800F0040098B900201549C8756D1CE5
:10AA5000022D00DB20E00520124908700F48F6F7B0
:10AA6000D9FC304601F062FA304601F095FA0FE069
:10AA700000250B48C07D58B901200949C875074811
:10AA8000F6F79FFC304601F0F5FA304601F0B8FACF
:10AA900064200AF059FA00BFCDE70000D40400207A
:10AAA000A47901209002002088B080464446002509
:10AAB0000026002783E1C2480078012804D002283C
:10AAC00013D0052879D170E100206060A060E060BB
:10AAD0006060A060E0600220B9490870B9A0F8F792
:10AAE00047F92046F9F7DAFE64E12046F9F754FF0A
:10AAF000002863D00320B2490870BC4845688668C6
:10AB0000C768201DFCF74CF982465246B8A103A83D
:10AB1000F8F73EF903A9B7A0F8F72AF9002D4BD0B2
:10AB20000220BF498875084640790979BC4AD27825
:10AB3000CDE900210290BA48837842780178B9A023
:10AB4000F8F716F9290EB6484173290C0173290A42
:10AB5000C17201468D72407B00900846037BC27A29
:10AB6000817ABEA0F8F704F9310EAD484174310C7A
:10AB70000174310AC17301468E73407C009008460F
:10AB8000037CC27B817BC1A0F8F7F2F8390EA448A0
:10AB90004175390C0175390AC17401468F74407DC5
:10ABA00000900846037DC27C817CC4A0F8F7E0F8E1
:10ABB0009B48816902208847F6E0FAE0D4F82490A7
:10ABC00099F806000428F7DD04207D490870FF206D
:10ABD000934988750846807A01069148C07A41EA0F
:10ABE00000418F48007B41EA00208D49497B0843A2
:10ABF00002068B48807A01068948C07A41EA004102
:10AC00008748007B41EA00218548407B014301F4ED
:10AC10007F4042EA00228248807A01068048C07A5A
:10AC200041EA00417E48007B41EA00207C49497BA3
:10AC3000084300F47F0042EA10227948807A010636
:10AC40007748C07A41EA00417548007B41EA00201C
:10AC50007349497B084342EA106064494860704880
:10AC6000807B01066E48C07B41EA00416C48007C55
:10AC700041EA00206A49497C084302066848807B13
:10AC800001066748C07B41EA00416548007C41EA13
:10AC900000216348407C014301F47F4042EA0022E6
:10ACA0005F48807B01065E48C07B41EA00415C480A
:10ACB000007C41EA00205A49497C084300F47F00A7
:10ACC00042EA10225648807B01065548C07B41EA83
:10ACD00000415348007C41EA00215148407C014337
:10ACE00042EA1160414988604D48807C01064C4829
:10ACF000C07C41EA00414A48007D41EA00204849C1
:10AD0000497D084302064648807C01064448C07CD1
:10AD100041EA00414248007D41EA00204049497D26
:10AD2000084300F47F4042EA00223D48807C01064F
:10AD30003B48C07C41EA00413948007D41EA00219E
:10AD40003748407D014301F47F0042EA1022344835
:10AD5000807C01063248C07C41EA00413048007DD9
:10AD600041EA00212E48407D014342EA11601F491B
:10AD7000C86001F10C031A1F091D204601F09EF85E
:10AD8000201DFCF70DF88246524619A103A8F7F7DB
:10AD9000FFFF56A0F7F7ECFF03A959A0F7F7E8FF6C
:10ADA0001F4881690220884704E000200449087098
:10ADB00000E000BF00BF4FF47A700AF0C5F87AE6F1
:10ADC0009002002053746174653A204C6F6F6B6978
:10ADD0006E6720666F722044484350207365727618
:10ADE0006572202E2E2E0D0A00000000C079012071
:10ADF000257300004950206164647265737320619B
:10AE0000737369676E6564206279206120444843EA
:10AE100050207365727665723A2025730D0A000022
:10AE2000A4790120CDF8BFA8656EB5C44D4143B5E6
:10AE3000D8D6B7CEAA3A2E2E2E2E2E2E2E2E2E2E2F
:10AE40002E2E2E2E2E2E25642E25642E25642E25A4
:10AE5000642E25642E25640D0A000000CDA8B9FDDE
:10AE600044484350BBF1C8A1B5BD4950B5D8D6B789
:10AE70002E2E2E2E2E2E2E2E2E2E2E2E2E2E2564C5
:10AE80002E25642E25642E25640D0A00CDA8B9FD5B
:10AE900044484350BBF1C8A1B5BDD7D3CDF8D1DAF2
:10AEA000C2EB2E2E2E2E2E2E2E2E2E2E2E2E256444
:10AEB0002E25642E25642E25640D0A00CDA8B9FD2B
:10AEC00044484350BBF1C8A1B5BDB5C4C4ACC8CF5C
:10AED000CDF8B9D82E2E2E2E2E2E2E2E2E2E2564C7
:10AEE0002E25642E25642E25640D0A004448435007
:10AEF0002054696D656F7574202121200D0A0000B2
:10AF0000537461746963204950206164647265738D
:10AF1000733A2025730D0A0008B569460848006891
:10AF20000AF08EFD00BF009838B14FF080500549FF
:10AF30000860BFF34F8FBFF36F8F00BF08BD0000E5
:10AF40008C02002004ED00E0F8B505460A462B46C9
:10AF500000200090002103F0010636B1002A04DD34
:10AF600013F8010B8DF80100521E1C4603E034F863
:10AF7000027B3944921E012AF9DC002A02DD207886
:10AF80008DF80000BDF80000014488B200EB1141CB
:10AF900088B200EB114126B1C8B2C1F3072747EAD6
:10AFA000002188B2F8BD000030B58BB0044604F033
:10AFB0000100002830D04FF6FF700090484802880A
:10AFC0006E231E210520FEF707FD4FF4784045A1B2
:10AFD00010221346CDE900210290C8221E2105202F
:10AFE000FFF788F94FF4784040A110221346CDE9CD
:10AFF00000210290C82232210520FFF77BF94FF48F
:10B0000078403EA110221346CDE900210290C822CB
:10B0100046210520FFF76EF904F0020000285DD0FC
:10B020004FF6FF7000902E48438802886E2105205D
:10B03000FEF7D2FC1F2035A110221346CDE90021D6
:10B040000290C8226E210520FFF754F93448807D14
:10B0500002280DD13248407B3149097BCDE90010EF
:10B060002F48C37A827A2FA103A8F7F791FE0CE04C
:10B070002B48407B2A49097BCDE900102848C37A38
:10B08000827A2DA103A8F7F783FE1F2003A91022BF
:10B090001346CDE900210290C82282210520FFF746
:10B0A00029F9FAF7F7FD054665B11F2028A11022FE
:10B0B0001346CDE900210290C82296210520FFF712
:10B0C00019F90BE01F2027A110221346CDE900211A
:10B0D0000290C82296210520FFF70CF90BB030BD75
:10B0E0007404002053544D33320000006C774950F3
:10B0F0002070696E672054657374000041544F4D91
:10B1000040414C49454E54454B0000006C77495036
:10B1100020496E69742053756363657373656400B9
:10B12000A4790120444843502049503A25642E25F3
:10B13000642E25642E25640053746174696320496C
:10B14000503A25642E25642E25642E2564000000C7
:10B1500045746865726E65742053706565643A3134
:10B1600030304D0045746865726E657420537065AB
:10B1700065643A31304D000010B5F6F785FB0723C2
:10B18000022208214FF4A87003F078F9A820F8F7FC
:10B1900075F84FF4E13008F0BDFB0C4841685420CD
:10B1A0008847FFF739F9FEF741FCFCF73DF902F05B
:10B1B000FBFD002000F016FC022000F013FC012033
:10B1C00000F010FCFAF734FF002010BD8C000020C6
:10B1D00070B5054615B900BF00BF70BD05F003008E
:10B1E00088B100BF00BF38A0F7F7C2FD00BF00BFA5
:10B1F00000BF00BF00BF02F0EDFF0646304602F080
:10B20000EEFF00BFE9E7A5F1080438480068844272
:10B2100005D305F10C0036490968884211D900BFF1
:10B2200000BF34A0F7F7A4FD00BF00BF00BF00BF00
:10B2300000BF02F0CFFF0646304602F0D0FF00BF4D
:10B24000CBE7334803F072F82079A0B900BF00BF04
:10B2500030A0F7F78DFD00BF00BF2D4803F0C8F800
:10B2600000BF00BF00BF02F0B5FF0646304602F047
:10B27000B6FF00BFB1E7204600F0C6F8A0B900BF96
:10B2800000BF2EA0F7F774FD00BF00BF204803F0F9
:10B29000AFF800BF00BF00BF02F09CFF064630467B
:10B2A00002F09DFF00BF98E7002020713048006841
:10B2B000844201D22E480460204601F003FE144867
:10B2C00003F096F800BF88E76D656D5F667265658F
:10B2D0003A2073616E69747920636865636B2061DD
:10B2E0006C69676E6D656E7400000000C00100201F
:10B2F000C40100206D656D5F667265653A20696CFA
:10B300006C6567616C206D656D6F7279000000007F
:10B31000C80100206D656D5F667265653A20696CD5
:10B320006C6567616C206D656D6F72793A20646F32
:10B3300075626C6520667265650000006D656D5F05
:10B34000667265653A20696C6C6567616C206D6535
:10B350006D6F72793A206E6F6E2D6C696E6B6564DD
:10B360003A20646F75626C65206672656500000046
:10B37000CC01002010B500BF00BF174820F003002B
:10B3800016490860084604684FF4C8402080002031
:10B39000608020714FF4C84002F00AFC1049086038
:10B3A0000120096808714FF4C8400D4909680880F8
:10B3B0000B4909684880094800680A4908600A483A
:10B3C00002F0F8FF30B100BF00BF08A0F7F7D0FCD3
:10B3D00000BF00BF10BD00009B890020C0010020FD
:10B3E000C4010020CC010020C80100206661696C06
:10B3F000656420746F20637265617465206D656D8E
:10B400005F6D7574657800002DE9F04104462046B3
:10B4100000F046F90546208802F0CAFB064660881F
:10B4200002F0C6FB07462088B0F5C84F10D86088E8
:10B43000B0F5C84F0CD86088A84202D03888A8421E
:10B4400006D106480068864205D07088A84202D01E
:10B450000020BDE8F0810120FBE70000C4010020CE
:10B460002DE9F0478146B9F1000F02D10020BDE877
:10B47000F08709F1030020F0030085B20C2D00D203
:10B480000C25B5F5C84F01D84D4501DA0020EEE78F
:10B49000534802F04BFF5348006800F001F906469C
:10B4A00092E0304602F084FB0446207900286AD1FD
:10B4B000218806F10800081AA84264D3218806F101
:10B4C0000800091A05F11400814225D306F108008D
:10B4D00028441FFA80F800BFB8F5C84F04D100BF58
:10B4E00041A0F7F745FC00BF00BF404602F060FBFB
:10B4F000074600213971218839807E80A4F80080B8
:10B50000012020713888B0F5C84F07D0388802F084
:10B510004FFBA0F8028001E0012020713148006853
:10B52000844223D12F48D0F800A004E0BAF80000EC
:10B5300002F03EFB82469AF8040018B12F480068DA
:10B540008245F3D12748C0F800A000BF00682B490E
:10B550000968884208D023480068007920B100BFFC
:10B5600027A0F7F705FC00BF00BF00BF1C4802F092
:10B570003FFF00BF04F108002844204909688842C1
:10B5800006D900BF00E01BE024A0F7F7F1FB00BFE5
:10B5900000BF00BF04F0030020B100BF2BA0F7F7ED
:10B5A000E7FB00BF00BF00BF04F0030020B100BFF5
:10B5B00032A0F7F7DDFB00BF00BF04F1080056E73B
:10B5C000304602F0F5FA0688C5F5C840B0423FF6AD
:10B5D00068AF034802F00CFF00BF00BF002046E741
:10B5E000C8010020CC010020696E76616C6964207E
:10B5F0006E6578742070747200000000C401002031
:10B600006D656D5F6D616C6C6F633A20216C667265
:10B6100065652D3E75736564000000006D656D5FA6
:10B620006D616C6C6F633A20616C6C6F6361746503
:10B6300064206D656D6F7279206E6F742061626F2A
:10B6400076652072616D5F656E642E006D656D5F5D
:10B650006D616C6C6F633A20616C6C6F63617465D3
:10B6600064206D656D6F72792070726F7065726C99
:10B670007920616C69676E65642E00006D656D5F91
:10B680006D616C6C6F633A2073616E6974792063CD
:10B690006865636B20616C69676E6D656E74000030
:10B6A000014602480088081A80B27047C001002095
:10B6B0002DE9F84F81468B460BF1030020F0030083
:10B6C00085B20C2D00D20C25B5F5C84F01D85D45CB
:10B6D00002DA0020BDE8F88F00BF554800688145B8
:10B6E00003D354480068814504D300BF52A0F7F744
:10B6F0003FFB00BF00BF4E480068814503D34D4863
:10B70000006881450BD300BF00BF00BF02F062FD9F
:10B710000090009802F063FD00BF4846DAE7A9F107
:10B7200008063046FFF7BCFF07463188C81B0838BB
:10B730001FFA80FA00BF554504DD00BF44A0F7F7AB
:10B7400017FB00BF00BF554501DD0020C2E755458E
:10B7500001D14846BEE7464802F0E8FD308802F0D5
:10B7600027FA0446207978BB00BF3088B0F5C84F6F
:10B7700004D100BF3FA0F7F7FBFA00BF00BF20884D
:10B78000009007F1080028441FFA80F83E4800683E
:10B79000A04204D1404602F00BFA3B490860404603
:10B7A00002F006FA0446002020710098208067808D
:10B7B000A6F800802088B0F5C84F04D0208802F099
:10B7C000F7F9A0F802802EE0FFE705F114005045DC
:10B7D00029D807F1080028441FFA80F800BF3088F4
:10B7E000B0F5C84F04D100BF22A0F7F7C1FA00BFDF
:10B7F00000BF404602F0DCF904462348006884425A
:10B8000001D22148046000202071308820806780A8
:10B81000A6F800802088B0F5C84F04D0208802F038
:10B82000C7F9A0F80280124802F0E2FD484651E74D
:10B83000C0010020C40100206D656D5F7472696DE8
:10B840003A206C6567616C206D656D6F72790000E0
:10B850006D656D5F7472696D2063616E206F6E6CD3
:10B860007920736872696E6B206D656D6F727900F7
:10B87000C8010020696E76616C6964206E65787419
:10B880002070747200000000CC01002070B50446E6
:10B890000D4600BF0E2C05DB00BF08A0F7F768FAC5
:10B8A00000BF70BD00BF05B9FBE70B4951F824008C
:10B8B0002946F9F74BFB00BFF3E700006D656D709B
:10B8C0005F667265653A2074797065203C204D454D
:10B8D0004D505F4D41580000E498010810B5002418
:10B8E00006E0054951F8240000F008F8601C84B215
:10B8F0000E2CF6D310BD0000E498010810B500230B
:10B90000C46823608368DB1C23F00301002207E086
:10B91000C3681B680B60C368196083881944521C94
:10B92000C3889342F4DC10BD70B5044600BF0E2CF2
:10B9300006DB00BF07A0F7F71BFA00BF002070BDB1
:10B9400000BF0C4951F82400F9F72CFB05462846A6
:10B95000F5E700006D656D705F6D616C6C6F633A4B
:10B960002074797065203C204D454D505F4D415805
:10B9700000000000E49801082DE9F04104460E465D
:10B980001548005D38B914482038016820468847BA
:10B990000120BDE8F081114850F82400B04219D9C7
:10B9A0000F4850F82400B6FBF0F10B480C3850F863
:10B9B000240030F81120002508E0002306480C3848
:10B9C00050F824004F1920F817306D1C9542F4DB15
:10B9D0000020DEE70220DCE7A0010020F897010844
:10B9E000EC97010830B504460225084951F82410A7
:10B9F00001FB05F2064951F82400002100F07EF811
:10BA0000012103480C30015530BD0000E0970108CA
:10BA1000940100202DE9F04704460F460025A94671
:10BA20002348005D20B92248203801682046884715
:10BA30001FB94FF0FF30BDE8F0871E4850F82400D2
:10BA4000B7FBF0F61B4850F82400B7FBF0F100FB01
:10BA5000117000B1761C184850F82400451E22E0F1
:10BA600013480C3850F8240030F8150010B909F1CB
:10BA7000010901E04FF00009B14513D14FF0000872
:10BA800009E00B480C3850F8240005EB080220F8B8
:10BA9000126008F10108B045F3D3064850F82400BD
:10BAA0006843C8E76D1E002DDADA4FF0FF30C2E7B9
:10BAB000A0010020EC970108E097010810B50146AD
:10BAC0000023002207E00B4850F8210030F8120054
:10BAD00000B15B1C521C084850F821009042F2D87B
:10BAE0004FF47A705843044C54F82140B0FBF4F002
:10BAF00080B210BD94010020E097010830B50346E4
:10BB000001E003F8011B141EA2F10102F9D130BDBE
:10BB100070B505460C4604B970BD054850F82500BF
:10BB2000261A31462846FFF727FF00BFF4E700003A
:10BB30008801002070B504460E4631462046FFF7C6
:10BB400069FF0546681C08B9002070BD024850F81E
:10BB500024002844F9E70000880100202DE9F05F67
:10BB600004460E4617469846DDE90AB900BF3CB9BF
:10BB700000BF4AA0F7F7FCF800BF0020BDE8F09F27
:10BB800000BF00BFB9F1000F06D100BF4AA0F7F710
:10BB9000EFF800BF0020F1E700BF06B94F4E07B92C
:10BBA0004E4FB8F1000F01D1DFF830810020606006
:10BBB000A060E0604A4860610020208584F8310080
:10BBC0006062E061C4F820B04648007884F8340030
:10BBD0000C98206143463A463146204600F06EF903
:10BBE0002046C84708B10020C8E700BF94F83400D9
:10BBF000FF2802D1002084F834004FF0000A3A48B0
:10BC0000056821E000BFA54204D100BF37A0F7F7C7
:10BC1000AFF800BF00BF0AF1010A00BFBAF1FF0F81
:10BC200004DD00BF36A0F7F7A3F800BF00BF95F80A
:10BC3000340094F83410884205D194F83400401C44
:10BC400084F8340002E02D68002DDBD100BF002D08
:10BC5000CCD194F83400FE2803D10020214908708B
:10BC600004E094F83400401C1E4908701E48006827
:10BC700020601D48046000BF00BF00BF00BF00BFC0
:10BC800000BF00BF00BF00BF00BF00BF00BF00BFBC
:10BC900000BF00BF00BF204670E700006E657469FA
:10BCA000665F6164643A20696E76616C6964206ED7
:10BCB00065746966000000006E657469665F6164A2
:10BCC000643A204E6F20696E69742066756E6374E5
:10BCD000696F6E20676976656E000000A0990108A3
:10BCE000B5BE000810020020080200206E657469CD
:10BCF0006620616C726561647920616464656400CA
:10BD0000746F6F206D616E79206E65746966732C37
:10BD1000206D61782E20737570706F727465642069
:10BD20006E756D62657220697320323535000000D2
:10BD300070B504460D462946204604F0E7F829462A
:10BD4000204607F01DFB70BD10B503460868DC688F
:10BD5000A04201D1012000E0002040B909B9002033
:10BD600000E00868D86000BF00BF012010BD0020BF
:10BD7000FCE70000F8B505460C46164600BF24B99E
:10BD800000BF16A0F6F7F4FF00BF00BF00BF26B942
:10BD900000BF12A0F6F7ECFF00BF00BF2068696883
:10BDA000884201D1012000E00020A0B92068009065
:10BDB0006868306000BF00BF69463046FFF7B8FFD3
:10BDC0000CB9002000E0206868600121284600F0DE
:10BDD00039F80120F8BD0020FCE70000696E7661AB
:10BDE0006C696420706F696E7465720010B50346EB
:10BDF00008689C68A04201D1012000E0002040B901
:10BE000009B9002000E00868986000BF00BF012069
:10BE100010BD0020FCE7000002466AB10748016837
:10BE200008E091F83400401CC0B2904201D10846AD
:10BE3000704709680029F4D10020F9E708020020C2
:10BE40007047000070B504460D4600BF24B900BF1E
:10BE50000FA0F6F78DFF00BF00BF94F8310000F08F
:10BE6000040020B194F8310000F0010000B970BD69
:10BE700005F0010050B1606840B194F8310000F065
:10BE8000080018B1211D2046F9F7EEFD00BFEEE7CE
:10BE90006E657469665F69737375655F7265706FEF
:10BEA0007274733A20696E76616C6964206E657491
:10BEB0006966000003466FF00B0070472DE9F84FEC
:10BEC00080460C4615461E464FF00009CA4604B986
:10BED000114C05B9104D06B90F4E0CB1206808B9C8
:10BEE000012000E00020074627B16A46214640466F
:10BEF000FFF740FF4A4629464046FFF777FF524684
:10BF000031464046FFF720FF27B96A4621464046A2
:10BF1000FFF730FFBDE8F88FA099010802490860DB
:10BF200000BF00BF704700000C02002010B504469F
:10BF300000BF2CB900BF0EA0F6F71AFF00BF10BD5E
:10BF400000BF94F8310000F0010078B100BF94F810
:10BF5000310000F0FE0084F8310000BF94F8310099
:10BF600000F0080010B12046F9F750F800BFE6E7EE
:10BF70006E657469665F7365745F646F776E3A208F
:10BF8000696E76616C6964206E6574696600000094
:10BF900000B1C1617047000010B5044600BF2CB964
:10BFA00000BF0EA0F6F7E4FE00BF10BD00BF94F87E
:10BFB000310000F0040070B100BF94F8310000F0CF
:10BFC000FB0084F8310000BF00BFE06910B12046DB
:10BFD000E169884700BF00BFE7E700006E6574694C
:10BFE000665F7365745F6C696E6B5F646F776E3AE2
:10BFF00020696E76616C6964206E65746966000004
:10C0000010B5044600BF2CB900BF11A0F6F7B0FE72
:10C0100000BF10BD00BF94F8310000F00400A8B9C3
:10C0200000BF94F8310040F0040084F8310000BFF4
:10C030002046F7F79BFD03212046FFF703FF00BFD3
:10C04000E06910B12046E169884700BF00BFE0E722
:10C050006E657469665F7365745F6C696E6B5F753E
:10C06000703A20696E76616C6964206E65746966E9
:10C070000000000010B5044600BF2CB900BF0CA0A2
:10C08000F6F776FE00BF10BD00BF94F8310000F057
:10C09000010058B900BF94F8310040F0010084F865
:10C0A000310000BF03212046FFF7CCFE00BFEAE7C6
:10C0B0006E657469665F7365745F75703A20696E4A
:10C0C00076616C6964206E657469660070B50446BB
:10C0D0000D4600222946204600F002F870BD0000FF
:10C0E0002DE9F04704460D46904600BF24B900BF35
:10C0F0001CA0F6F73DFE00BF00BF14B1B5F5803FB0
:10C1000002D30120BDE8F0870DB90020FAE7AEB2F6
:10C110002089304480B2B04201DA0120F2E794F87D
:10C120000C9009F0800048B16068471B04F11000D2
:10C1300087420BD200BF00BF0120E3E7B8F1000F38
:10C1400002D06068471B01E00120DBE700BF00BFB1
:10C1500067606089304460812089304420810020FC
:10C16000D0E700007020213D204E554C4C000000CF
:10C170002DE9FE4F82460E469046574600BF00BF4F
:10C18000B8F1010F0AD0B8F1410F06D0B8F5C17F60
:10C190000BD0B8F5207F7AD161E000BF424631462E
:10C1A000002000F0FBF804469CE0002400200290F0
:10C1B000B14600BF0D20FFF7B7FB054635B914B1F6
:10C1C000204600F0ABFB0020BDE8FE8FF81C20F0FD
:10C1D000030040F2EC51081A80B2484501DD4846A0
:10C1E00006E0F81C20F0030040F2EC51081A80B27F
:10C1F00083460020CDE9008005F110003844C01CC2
:10C2000020F003015B464A46284600F03DFC00BF93
:10C21000287900F0030020B100BF35A0F6F7A8FD93
:10C2200000BF00BF00BFF81C20F0030040F2EC513B
:10C23000081A04D100BF3AA0F6F79AFD00BF00BF6C
:10C240000CB92C4601E0029805600295A9EB0B00A1
:10C250001FFA80F90027B9F1000FABDC42E0F81CAF
:10C2600020F00301F01C20F00300084485B205F122
:10C2700010001FFA80F9F01C20F00300A84204D837
:10C28000F01C20F00300484502D900209CE720E084
:10C290004846FFF7E5F804460CB9002094E7002073
:10C2A000CDE9008004F110003844C01C20F00301E7
:10C2B00033463246204600F0E7FB00BF207900F00D
:10C2C000030020B100BF23A0F6F752FD00BF00BF5E
:10C2D00008E000BF00BF2AA0F6F74AFD00BF00BF7C
:10C2E000002071E700BF00BF00BF20466CE70000E0
:10C2F000706275665F616C6C6F633A207062756620
:10C3000020712D3E7061796C6F61642070726F7066
:10C3100065726C7920616C69676E6564000000006D
:10C32000504255465F504F4F4C5F42554653495A15
:10C3300045206D7573742062652062696767657258
:10C34000207468616E204D454D5F414C49474E4D0C
:10C35000454E5400706275665F616C6C6F633A2085
:10C36000706275662D3E7061796C6F6164207072C9
:10C370006F7065726C7920616C69676E656400002E
:10C38000706275665F616C6C6F633A206572726F84
:10C390006E656F7573207479706500002DE9FC413E
:10C3A00007460D46144600BF412C06D0012C04D090
:10C3B00000BF0DA0F6F7DCFC00BF00BF0C20FFF7AC
:10C3C000B3FA064626B900BF00BF0020BDE8FC81D5
:10C3D00000202B462A463946CDE90040304600F081
:10C3E00053FB3046F2E70000696E76616C696420A9
:10C3F000706275665F747970650000002DE9FC5FFE
:10C4000006460C4617469846DDE90C9BB24600BF2F
:10C4100000BF0AF1030020F003002044584504D96E
:10C4200000BF00BF0020BDE8FC9FB9F1000F06D09F
:10C430000AF1030020F0030000EB090500E00025ED
:10C440000220234622462946CDE90070404600F0EE
:10C450001BFB4046E7E7000070B506460D4600BFEF
:10C4600006B12DB900BF15A0F6F782FC00BF70BD64
:10C4700000BF344604E020892989084420812468CB
:10C4800020680028F7D100BF20896189884204D044
:10C4900000BF18A0F6F76CFC00BF00BF00BF20680B
:10C4A00020B100BF1FA0F6F763FC00BF00BF2089CA
:10C4B000298908442081256000BFD8E72868202109
:10C4C0003D204E554C4C2920262620287420213D05
:10C4D000204E554C4C29202870726F6772616D6D2B
:10C4E00065722076696F6C617465732041504929CB
:10C4F00000000000702D3E746F745F6C656E203D0F
:10C500003D20702D3E6C656E20286F66206C617337
:10C5100074207062756620696E20636861696E2997
:10C5200000000000702D3E6E657874203D3D204E69
:10C53000554C4C0070B505460C4621462846FFF781
:10C540008BFF204600F03CFB00BF00BF70BD0146E2
:10C55000002002E0421C90B209680029FAD170471D
:10C560002DE9F04180460E46144621893246404668
:10C57000FFF7FEFD074617B90020BDE8F081214610
:10C58000384600F015F8054600BF25B100BF03A0EE
:10C59000F6F7EEFB00BF00BF3846EEE77062756647
:10C5A0005F636F7079206661696C656400000000EC
:10C5B00070B505460C4600BF00BF00BF3CB900BFC8
:10C5C00007A0F6F7D5FB00BF6FF00F0070BD00BFEE
:10C5D000228900232146284600F07CF8F6E7000077
:10C5E000706275665F636F70793A20696E76616C10
:10C5F000696420736F757263650000002DE9F05F58
:10C600008046894616461D464FF0000AD34600BFB5
:10C61000B8F1000F07D100BF1DA0F6F7A9FB00BFBE
:10C620000020BDE8F09F00BF00BFB9F1000F06D1A8
:10C6300000BF1FA0F6F79CFB00BF0020F1E700BF82
:10C64000444620E035B16089A84203DC6089281A9D
:10C6500085B217E06089401B87B2B74200DD3746DC
:10C660006268511909EB0A003A46F3F755FE0BEBE5
:10C6700007001FFA80FB0AEB07001FFA80FAF01B85
:10C6800086B2002524680EB1002CDBD15846C8E7DD
:10C69000706275665F636F70795F706172746961F3
:10C6A0006C3A20696E76616C696420627566000080
:10C6B000706275665F636F70795F706172746961D3
:10C6C0006C3A20696E76616C696420646174617093
:10C6D000747200002DE9F05F04460D4616469A4636
:10C6E00057464FF0000800BF00BF00BF15B12889B2
:10C6F000B04208DA00BF4DA0F6F73AFB00BF6FF07A
:10C700000F00BDE8F09F00BF00BF24B120890AEBF5
:10C710000601884207DA00BF51A0F6F729FB00BFE7
:10C720006FF00F00EDE700BF00BF6089C01B698993
:10C73000A1EB0801884203D36889A0EB080B02E053
:10C740006089A0EB070B5E4501D2304600E05846F9
:10C750001FFA80F96A6802EB08016268D0194A463C
:10C76000F3F7DAFD4F44C844A6EB090086B200BFD8
:10C770006089B84204D200BF45A0F6F7F9FA00BFBD
:10C7800000BF00BF6889404504D200BF46A0F6F74D
:10C79000EFFA00BF00BF688940450ED84FF000088F
:10C7A0002D6800BF45B93EB100BF46A0F6F7E0FADC
:10C7B00000BF6FF00F00A4E700BF6089B8420DD141
:10C7C0000027246800BF44B93EB100BF41A0F6F77E
:10C7D000CFFA00BF6FF00F0093E700BF7DB168890B
:10C7E000298988420BD100BF286838B100BF3DA01D
:10C7F000F6F7BEFA00BF6FF0050082E700BF7CB11C
:10C800006089218988420BD100BF206838B100BF00
:10C8100034A0F6F7ADFA00BF6FF0050071E700BF76
:10C82000002E82D100BF00BF00206AE770627566EB
:10C830005F636F70795F7061727469616C5F706261
:10C8400075663A20636F70795F6C656E2062696708
:10C85000676572207468616E20736F75726365001E
:10C86000706275665F636F70795F70617274696121
:10C870006C5F706275663A20746172676574206ED1
:10C880006F742062696720656E6F756768000000CD
:10C890006F66667365745F746F203C3D20705F74D3
:10C8A0006F2D3E6C656E00006F66667365745F6623
:10C8B000726F6D203C3D20705F66726F6D2D3E6C17
:10C8C000656E0000705F66726F6D20213D204E55D1
:10C8D0004C4C0000705F746F20213D204E554C4C35
:10C8E00000000000706275665F636F70795F706151
:10C8F000727469616C5F70627566282920646F6567
:10C9000073206E6F7420616C6C6F77207061636B45
:10C910006574207175657565732100002DE9F04718
:10C92000044664B900BF24B900BF33A0F6F720FA6B
:10C9300000BF00BF00BF00BF0020BDE8F08700BF00
:10C9400000BF002654E001F045FC824600BFA07BFA
:10C95000002804DC00BF2BA0F6F70AFA00BF00BFD6
:10C96000A07B401E00F0FF0884F80E80504601F0C6
:10C9700036FCB8F1000F37D1276800BF00BF207B1D
:10C9800000F00F05607B00F0020078B1A14600BF07
:10C99000D9F8100020B900BF20A0F6F7E9F900BFD0
:10C9A00000BF2046D9F81010884719E0022D04D1A5
:10C9B00021460D20FEF76AFF12E0012D04D1214629
:10C9C0000C20FEF763FF0BE01DB92046FEF700FCCC
:10C9D00006E000BF00BF1AA0F6F7CAF900BF00BF0B
:10C9E000701CC6B23C4602E000BF00BF002400BF7E
:10C9F000002CA8D13046A0E77020213D204E554C98
:10CA00004C000000706275665F667265653A207062
:10CA10002D3E726566203E203000000070632D3E82
:10CA2000637573746F6D5F667265655F66756E635F
:10CA300074696F6E20213D204E554C4C0000000063
:10CA4000696E76616C6964207062756620747970B5
:10CA50006500000070B504460D46012229462046B7
:10CA600000F001F870BD70B505460C461646002C66
:10CA700004DA6142284600F0C7F870BD324621460C
:10CA80002846FFF72DFBF8E770B5DDE904450026E1
:10CA900006604160028143810473457301268673F9
:10CAA0000026C67370BDF8B506460F4615466A46A1
:10CAB0003946304600F0F0F8044644B16089BDF8CC
:10CAC0000010884203DDBDF8001060684554F8BDD1
:10CAD0002DE9F04106460F4600BF26B900BF25A04C
:10CAE000F6F746F900BF00BF3089B84201DCBDE867
:10CAF000F0813089C01B1FFA80F83D4634460FE0B4
:10CB00006089281A85B22089A0EB0800208124685A
:10CB100000BF24B900BF1DA0F6F72AF900BF00BF6F
:10CB20006089A842ECDB207B00F00F00B0B960897F
:10CB3000A84213D0607B00F0020078B9A088001BE7
:10CB4000284481B22046FEF7B3FD044600BF24B955
:10CB500000BF14A0F6F70CF900BF00BF6581608923
:10CB60002081206810B12068FFF7D8FE00202060E7
:10CB700000BFBCE7706275665F7265616C6C6F6365
:10CB80003A207020213D204E554C4C007062756655
:10CB90005F7265616C6C6F633A207120213D204E9D
:10CBA000554C4C006D656D5F7472696D20726574D3
:10CBB00075726E65642071203D3D204E554C4C00D1
:10CBC00070B50446A4B100BF01F004FB0546A07B8C
:10CBD000401CA073284601F002FB00BF00BFA07BF1
:10CBE000002804DC00BF03A0F6F7C2F800BF00BFB6
:10CBF00070BD00007062756620726566206F766594
:10CC000072666C6F770000002DE9F04104460D4616
:10CC100000BF24B900BF15A0F6F7AAF800BF00BFF7
:10CC200014B1B5F5803F02D30120BDE8F0810DB904
:10CC30000020FAE7AEB200BF6089B04206DA00BF5A
:10CC40000DA0F6F795F800BF0120EEE700BF67687A
:10CC50006068284460606089801B60812089801B37
:10CC6000208100BF00BF0020DFE700007020213DD1
:10CC7000204E554C4C000000696E6372656D656E08
:10CC8000745F6D61676E6974756465203C3D2070EA
:10CC90002D3E6C656E0000002DE9F04104460D4606
:10CCA000164632462946204600F004F80746384624
:10CCB000BDE8F08130B503460C462146184603E036
:10CCC00045894D1BA9B2006810B145898D42F7DD39
:10CCD00002B1118030BD00002DE9F04704468846BE
:10CCE000164637464FF0000A00BF44B900BF2AA0DD
:10CCF000F6F73EF800BF6FF00F00BDE8F08700BF09
:10CD000000BFB8F1000F07D100BF29A0F6F730F837
:10CD100000BF6FF00F00F0E700BF00BF2089B042F6
:10CD200007DA00BF29A0F6F723F800BF4FF0FF3065
:10CD3000E3E700BF2CB1B8F1000F02D02089B04268
:10CD400002DA6FF00F00D8E7254617E000BF25B9DB
:10CD500000BF26A0F6F70CF800BF00BFB9466889EF
:10CD6000484501D2B5F80A9008EB0A014A466868BE
:10CD7000F3F7D2FAA7EB0907CA442D68002FE5D1D3
:10CD800000BF0FB9B24504D000BF1EA0F5F7F0FFF9
:10CD900000BF00BF0020B0E7706275665F74616B12
:10CDA000653A20696E76616C696420627566000080
:10CDB000706275665F74616B653A20696E76616C4E
:10CDC00069642064617461707472000070627566D9
:10CDD0005F74616B653A20627566206E6F74206CBB
:10CDE0006172676520656E6F756768007062756651
:10CDF0005F74616B653A20696E76616C696420705E
:10CE000062756600646964206E6F7420636F707968
:10CE100020616C6C20646174610000002DE9F84FA2
:10CE200083468846154699466A4649465846FFF75E
:10CE300033FF0446002C36D02089BDF80010294469
:10CE4000884230DB2F46C24600BF6089BDF8001023
:10CE5000884204DC00BF15A0F5F78AFF00BF00BFC1
:10CE60006089BDF80010401AA84204DA6089BDF854
:10CE70000010401A00E0284686B2BDF80020616824
:10CE8000881832464146F3F747FAB81B87B2B244D6
:10CE9000002F06DD3A4651462068FFF71DFFBDE82A
:10CEA000F88F0020FBE74FF0FF30F8E76368656319
:10CEB0006B20706275665F736B6970207265737545
:10CEC0006C7400002DE9F041044600BF334800684F
:10CED000844204D200BF32A0F5F74AFF00BF00BF72
:10CEE00000BF35480068844204D300BF33A0F5F783
:10CEF0003FFF00BF00BF00BF207920B100BF36A0B8
:10CF0000F5F736FF00BF00BF00BF2088B0F5C84F5F
:10CF100004D900BF37A0F5F72BFF00BF00BF208862
:10CF200000F046FE0546AC4219D02879B8B922482F
:10CF30000068854213D03A480068A84201D13848B9
:10CF40000460288820802888B0F5C84F07D0204684
:10CF5000FEF7A6FB0746288800F02AFE4780608877
:10CF600000F026FE0646A64215D0307998B92C4826
:10CF70000068A04201D12A480660208830802088BD
:10CF8000B0F5C84F07D03046FEF78AFB0746208829
:10CF900000F00EFE4780BDE8F0810000C0010020D7
:10CFA000706C75675F686F6C65733A206D656D2096
:10CFB0003E3D2072616D0000C4010020706C7567F9
:10CFC0005F686F6C65733A206D656D203C207261FF
:10CFD0006D5F656E64000000706C75675F686F6CF4
:10CFE00065733A206D656D2D3E75736564203D3D1A
:10CFF00020300000706C75675F686F6C65733A2055
:10D000006D656D2D3E6E657874203C3D204D454D1F
:10D010005F53495A455F414C49474E454400000023
:10D02000CC0100202DE9F04105460E46294807684D
:10D0300000202949096881F8590027480068001D27
:10D0400007F068FD50B92448006890F82C100120C2
:10D05000884022490968814320480160681CD8B98A
:10D06000D6B11F4948681C49096888601A49826816
:10D070000968CA6018490968091D82685160164923
:10D080000968091D8160164A134909684A611146F9
:10D090000968491C11601AE07C190F480068446057
:10D0A000BC4207D20C480168091D0E48006807F011
:10D0B00055FD0CE008480168091D0B48006807F0A1
:10D0C0004DFD0A480068844201D208480460BDE86A
:10D0D000F0810000A802002094020020AC02002091
:10D0E000087D01209C02002098020020C40200203C
:10D0F00010B5044607F058FD31480068401C30491F
:10D1000008603048006840B92E480460084600684E
:10D1100001280DD100F02EFA0AE02B48006838B93A
:10D1200028480068C06AE16A884201D8254804603E
:10D1300026480068401C254908600846006860646D
:10D1400094F82C100120884021490968084320499F
:10D150000860E16A01EB81011E4A02EB8101486827
:10D16000A0608268E260211D826851608160E16A8E
:10D1700001EB8101174A02EB81026261E16A01EB76
:10D180008101144A52F82110491CE26A02EB820222
:10D19000104B43F8221007F053FD0B48006868B1AC
:10D1A00008480068C06AE16A884207D24FF08050A0
:10D1B00009490860BFF34F8FBFF36F8F10BD0000A8
:10D1C000A402002094020020B0020020C00200202F
:10D1D000AC020020387A012004ED00E010B507F021
:10D1E000E3FC10480068D0B90F4807F0A7FC0F48CF
:10D1F00007F0A4FC0C480E4908600C480D49086073
:10D2000000221021052008F063FA0649086008464C
:10D21000006820B108A10348006807F029FE07F064
:10D220000FFD10BDDC0200201C7D0120307D01209F
:10D23000D4020020D8020020546D7251000000007A
:10D2400010B516E007F0B0FC0C48C068C468201D9B
:10D2500007F060FC0A480068401E09490860094858
:10D260000068401E0749086007F0EAFC204600F00D
:10D270005FF8044800680028E4D110BDF47C012068
:10D28000A4020020A002002070B504460D46206CC8
:10D2900070B1216CE0680144E160D4E90210884279
:10D2A00001D32168E1602846226CE168F3F734F885
:10D2B00070BD2DE9F04104460F4615464FF00008B9
:10D2C000A66B206C48B9206800282CD1A06809F012
:10D2D00007F880460020A06025E07DB93946226C21
:10D2E0006068F3F719F8216C606808446060D4E95D
:10D2F0000101884217D32068606014E03946226C2F
:10D30000E068F3F709F8216CE068411AE1602168F0
:10D31000E068884203D2216CA068411AE160022DC6
:10D3200001D106B1761E701CA0634046BDE8F081B5
:10D3300010B50446206B07F0C3FC204607F0C0FC84
:10D3400010BD01464A6A22B10A6B1268C2F1200080
:10D3500000E00020704700000146084A1268126889
:10D360000AB9012200E000220A600A6822B9034AD1
:10D370001268D268106800E000207047D4020020D4
:10D3800030B54FF4F043174800F007042CB1C01D2E
:10D3900020F00700134C041B1B1B0246124C22609A
:10D3A0000024114D6C60D018083820F007000F4C95
:10D3B000206000240D4D2D686C600C4D2D682C6094
:10D3C0001146441A4C60094C24680C60084D4C68A6
:10D3D0002C60084D4C682C604FF00044064D2C60CA
:10D3E00030BD0000447D0120E8020020F002002052
:10D3F000F8020020F40200200403002000BFFFF721
:10D400001FFF064800680128F9D94FF080500449F1
:10D410000860BFF34F8FBFF36F8FF0E7387A0120BA
:10D4200004ED00E010B5044654B10020A060206077
:10D430000021E16000231A461946204608F00EFA42
:10D4400010BD2DE9F04106460D4617469846069C4C
:10D450000DB9246000E02760E663256401212046C1
:10D4600008F07EF984F850800020A064BDE8F081C7
:10D470002DE9F05F82460F4690469B460A9E0C9C23
:10D480004FEA8801A522206BF2F766FFA8F10100A0
:10D49000216B01EB800929F0070909F0070008B9A1
:10D4A000012000E0002028B94FF4587224A12DA0DB
:10D4B000F5F75EFC87B1002507E0795D04F13400E3
:10D4C0004155785D00B902E06D1C102DF5D300BF09
:10D4D00000214320015502E0002084F83400202E72
:10D4E00001D2012000E0002028B940F2973214A1B7
:10D4F0001CA0F5F73DFC202E00D31F26E662E66453
:10D5000000202065201D07F026FB04F1180007F01D
:10D5100022FB2461C6F12000A061646200206065E6
:10D5200084F8580084F859005A465146484600F09D
:10D5300021FC20600B9808B10B980460BDE8F09FB7
:10D540002E2E5C2E2E5C4D6964646C65776172656D
:10D55000735C4672656552544F535C7461736B73B0
:10D560002E6300004572726F723A2025732C2025BD
:10D57000640D0A0010B5002407E004EB84010F4A93
:10D5800002EB810007F0DAFA641C202CF5D30C487A
:10D5900007F0D4FA0B4807F0D1FA0B4807F0CEFA9F
:10D5A0000A4807F0CBFA0A4807F0C8FA04480949C4
:10D5B000086004480849086010BD0000387A01205E
:10D5C000B87C0120CC7C0120E07C0120F47C01208F
:10D5D000087D0120980200209C02002010B5014621
:10D5E000164800E0006803688B42FBD3024643689C
:10D5F00013448B4204D143684C6823444360014682
:10D600000A464B6813440468A34211D10C4C0368CA
:10D610002468A34208D04B680468646823444B60C4
:10D6200003681B680B6005E0054B1B680B6001E09D
:10D6300003680B60884200D0016010BDE802002042
:10D64000F00200202DE9F04104460D4616461F4623
:10D650004FF0000865602461B5420CD8F01BA16949
:10D66000884202D34FF0010811E0211D09480068EB
:10D6700007F074FA0BE0BE4204D2BD4202D34FF071
:10D68000010804E0211D0448006807F067FA4046DD
:10D69000BDE8F081D8020020D402002070B5054614
:10D6A00007F082FAA86B08B9012400E0002407F013
:10D6B000C7FA204670BD70B5054607F075FAA86B2D
:10D6C000E96B884201D1012400E0002407F0B8FA98
:10D6D000204670BDF1B50098846C00262CB940F648
:10D6E000D53220A128A0F5F743FBA06BE16B88425F
:10D6F00001D2012000E0002028B940F6D63219A15D
:10D7000021A0F5F735FBA06BE16B884227D294F995
:10D710004550002269462046FFF7CBFD0646681CAF
:10D7200060B9606A08B9012000E00020B0B904F1D6
:10D73000240008F0D3FE88B101260FE07F2D01D030
:10D74000012000E0002028B940F6F63205A10EA025
:10D75000F5F70EFB681C40B284F8450000BF304668
:10D76000F8BD00002E2E5C2E2E5C4D6964646C6545
:10D7700077617265735C4672656552544F535C7194
:10D78000756575652E6300004572726F723A2025CB
:10D79000732C2025640D0A0070B505460E460E4810
:10D7A0000068C068C468201D07F0B4F994F8280028
:10D7B00000F0040028B132462946204600F0FEF869
:10D7C00005E094F8280000F0FE0084F828002046C8
:10D7D000216A884770BD0000D402002070B586B071
:10D7E0008AE0029800280CDA03AE2EB940F2063225
:10D7F00047A150A0F5F7BCFAD6E90020B1689047E0
:10D8000000BF0298002877DB049C606908B90120FA
:10D8100000E0002010B9201D07F07CF901A800F0FD
:10D82000F9F8054602980A2864D2DFE800F063059B
:10D83000072E365306082F3700BF00BF00BF94F8ED
:10D84000280040F0010084F828000398A26981189C
:10D8500003462A462046FFF7F5FEA8B194F82800B3
:10D8600000F0040038B10398A26981182A462046C6
:10D8700000F0A4F805E094F8280000F0FE0084F819
:10D8800028002046216A884735E000BF94F8280028
:10D8900000F0FE0084F828002DE000BF94F8280076
:10D8A00040F0010084F828000398A061A06908B145
:10D8B000012000E0002028B940F2593214A11DA037
:10D8C000F5F756FAA06941192B462A462046FFF77C
:10D8D000B9FE10E094F8280000F0020018B92046C4
:10D8E00007F0EEF905E094F8280000F0FE0084F857
:10D8F000280000E000BF00BF002202A91148006814
:10D9000008F06AF900287FF46CAF06B070BD000023
:10D910002E2E5C2E2E5C4D6964646C657761726599
:10D92000735C4672656552544F535C74696D6572E1
:10D93000732E63004572726F723A2025732C202576
:10D94000640D0A00DC020020F8B505460C4607F01D
:10D9500057FD684600F05EF80646009820BB44B9C3
:10D96000B54206D808F060FE31462846FFF714FF9E
:10D970001CE03CB10E480068006808B9012000E0D6
:10D9800000200446A91B22460A48006807F0B6FAA0
:10D9900008F04AFE50B94FF0805007490860BFF3C5
:10D9A0004F8FBFF36F8F01E008F03EFEF8BD00001F
:10D9B000D8020020DC02002004ED00E070B504462F
:10D9C0000D46164604E0A06905442046216A8847B2
:10D9D000A06941192B4632462046FFF733FE002846
:10D9E000F1D170BD09480068006808B9012000E065
:10D9F000002020B14FF0FF300549086005E00348E2
:10DA00000068C068006802490860704798020020FA
:10DA1000C402002070B5044608F068FB05460748BC
:10DA20000068854204D200F00BF80120206001E07C
:10DA30000020206001480560284670BDE4020020F7
:10DA400070B508E00D480068C06804684FF0FF3109
:10DA50002046FFF7A1FE09480068006808B90120C8
:10DA600000E000200028EDD0044805680448006864
:10DA7000024908600248056070BD0000D402002021
:10DA8000D80200200B480068401C08B9012000E0C3
:10DA9000002020B9E92208A116A0F5F769F900BF16
:10DAA000502080F31188BFF34F8FBFF36F8F00BFFB
:10DAB00000BFFEE7080300202E2E5C2E2E5C4D6971
:10DAC00064646C6577617265735C46726565525417
:10DAD0004F535C706F727461626C655C5256445354
:10DAE0005C41524D5F434D34465C706F72742E63DF
:10DAF000000000004572726F723A2025732C2025B9
:10DB0000640D0A0008B500BF6846FFF725FC04460F
:10DB100020460099FFF718FFFFF760FEF4E770B5A5
:10DB2000044607F041F894F9455019E0A06C30B173
:10DB30002046FFF7CFFD88B107F0E6FA0EE0606AF5
:10DB400008B9012000E0002038B904F1240008F0F1
:10DB5000C5FC18B107F0D8FA00E003E0681E45B232
:10DB6000002DE3DC00BFFF2084F8450007F068F8D3
:10DB700007F01AF894F9445010E0206908B9012020
:10DB800000E0002048B904F1100008F0A7FC08B13B
:10DB900007F0BAFA681E45B200E001E0002DECDCA7
:10DBA00000BFFF2084F8440007F04AF870BD000071
:10DBB000014602480068084470470000C001002088
:10DBC0002DE9F04104464FF0000807F019FC4948E0
:10DBD000006808B9FFF7D4FB4748006820400028D8
:10DBE00075D1002C23D004F10800A0421FD90834BD
:10DBF00004F0070000281BD004F00700C0F1080063
:10DC00002044A04211D904F00700C0F108000444E8
:10DC100004F0070008B9012000E0002040B99C2270
:10DC200036A144A0F5F7A4F802E0002400E00024A7
:10DC3000002C4CD043480068844248D8424E3046BD
:10DC4000056801E02E462D686868A04202D2286867
:10DC50000028F7D127480068854238D0306800F1A5
:10DC60000808286830606868001B102813D92F192D
:10DC700007F0070008B9012000E0002020B9CF22FA
:10DC80001EA12CA0F5F774F86868001B78606C6022
:10DC90003846FFF7A3FC2B4968680968081A294928
:10DCA00008600846006829490968884203D2254867
:10DCB0000068264908601049686809680843686078
:10DCC0000020286022480068401C2149086008F0B4
:10DCD000ABFC08F0070008B9012000E0002028B9DB
:10DCE0004FF4887205A113A0F5F742F84046BDE84D
:10DCF000F0810000F0020020040300202E2E5C2E94
:10DD00002E5C4D6964646C6577617265735C467204
:10DD1000656552544F535C706F727461626C655CE0
:10DD20004D656D4D616E675C686561705F342E6333
:10DD3000000000004572726F723A2025732C202576
:10DD4000640D0A00F4020020E8020020F80200201E
:10DD5000FC0200200648006830B10549096801F15D
:10DD60005000096D491C01600148006870470000BF
:10DD700094020020001F4FF080730360001F21F009
:10DD800001030360001F054B036014380260001F8D
:10DD90006FF00203036020387047000085DA000846
:10DDA000014608687047000000B58DB000BF00BF95
:10DDB000002000907148006840F040006F49086002
:10DDC0000846006800F04000009000BF00BF00BFA0
:10DDD00000BF00BF002000900846006840F0080027
:10DDE00008600846006800F00800009000BF00BF0F
:10DDF00000BF00BF00BF002000900846006840F050
:10DE0000080008600846006800F00800009000BFA5
:10DE100000BF00BF00BF00200090584808300068D5
:10DE200040F001005549083108600846006800F0DC
:10DE30000100009000BF00BF00BF002000904F48CD
:10DE4000006840F008004D4908600846006800F08E
:10DE50000800009000BF00BF00BF002000900846EF
:10DE6000006840F0100008600846006800F01000EC
:10DE7000009000BF00BF00BF00200090084600686F
:10DE800040F0200008600846006800F02000009084
:10DE900000BF00BF00BF002000900846006840F0AF
:10DEA000400008600846006800F04000009000BF95
:10DEB00000BF081508900220099001200A90022056
:10DEC0000B900C200C9008A92D48F3F7B3FB2020F1
:10DED000089008A92B48F3F7ADFB1020089008A97B
:10DEE0002848F3F7A7FB4FF603700890022009902B
:10DEF00001200A9002200B9008A92248F3F79AFB10
:10DF00004FF68370089008A91F48F3F793FB4FF270
:10DF10003F00089008A91D48F3F78CFB3F200890AC
:10DF200008A91748F3F786FB4FF02040184908600E
:10DF3000184848600420886000211548C1600161CC
:10DF40001021416100218161C16141624FF4805122
:10DF500081620021C16201634163816300200190FD
:10DF600002900620039000200490079001AA01A9C6
:10DF70000748F4F7BFF80DB000BD0000303802408C
:10DF800000180240000C0240001002400014024041
:10DF900084040020040100A03EB5044600BF3848B8
:10DFA0003849886188610120FCF7FEFF31E04FF4B9
:10DFB000784035A110221346CDE900210290C822F5
:10DFC0006E211E20FCF796F94FF4FA70F5F772F9FE
:10DFD0004FF6FF704223E622322100901E20FBF70D
:10DFE000FBFC4FF478402DA110221346CDE900210F
:10DFF0000290C8226E211E20FCF77CF94FF4FA70C3
:10E00000F5F758F900BF4FF480612948F3F714FC85
:10E0100000BFFCF7DBFB0028C9D102E025A0F4F724
:10E02000A7FE1F20F7F784FF0028F7D002E00520A5
:10E0300006F08AFF1348807D022803D01148807DB6
:10E04000FF28F4D106F0B0FD27480B2100234FF440
:10E050008062CDE9001025A1284808F001F8284881
:10E060000A2100238022CDE9001026A1284807F0CC
:10E07000F7FF2848006806F0A9FF06F0E1FD3EBD65
:10E08000A9AF0008A47901206C77495020496E6936
:10E0900074206661696C65642121000052657472A8
:10E0A00079696E672E2E2E2020202020202000004F
:10E0B000001402404D4355D3EB504859D0BEC6AC76
:10E0C000CDA8D0C5CAA7B0DCA3ACC7EBBCECB2E905
:10E0D000B5E7C2B7BBF2D5DFD4B4C2EBA3A1A3A10D
:10E0E000A3A1A3A10D0A0000080000206C776970AD
:10E0F0005F64656D6F5F7461736B000011A9000848
:10E100000C0000206C65645F7461736B000000009C
:10E11000B1A40008040000202DE9F84305460E468E
:10E12000174600BF25B900BF1CA0F4F721FE00BFB1
:10E1300000BF00BF286820B900BF1CA0F4F718FE7C
:10E1400000BF00BF06B96E467FB94FF0FF323146BF
:10E15000286807F041FD044600BF012C04D000BF31
:10E1600017A0F4F705FE00BF16E0B8464246314658
:10E17000286807F031FD044624B900203060401EB5
:10E18000BDE8F88300BF012C04D000BF0CA0F4F759
:10E19000EFFD00BF00BF00BF0120F1E76D626F78A7
:10E1A00020213D204E554C4C000000006D626F78E0
:10E1B0002D3E6D627820213D204E554C4C000000D4
:10E1C0006D626F78206665746368206661696C654E
:10E1D0006400000010B506F0E7FC012010BD10B58A
:10E1E000044606F02DFD10BD2DE9F04100F042F986
:10E1F000074600BF0F4804680CB9BDE8F0816068AD
:10E20000381AB0F1004F01D3012000E0002000B126
:10E21000F3E7084920680860A568E6680649606871
:10E22000086021460A20FDF731FB0DB13046A847B2
:10E23000E0E700005C020020600200207047000060
:10E2400070B504460D4600BF24B900BF0DA0F4F719
:10E250008FFD00BF00BF00BF002D04DC00BF0DA07C
:10E26000F4F786FD00BF00BF00220421284607F016
:10E270002FFA2060206810B94FF0FF3070BD0020E9
:10E28000FCE700006D626F7820213D204E554C4C1C
:10E290000000000073697A65203E20300000000015
:10E2A00073B5044600BF24B900BF12A0F4F760FDA7
:10E2B00000BF00BF00BF206820B900BF11A0F4F765
:10E2C00057FD00BF00BF00231A4601A9206807F0D0
:10E2D000C5FA0546012D01D100207CBD00BF25B146
:10E2E00000BF0DA0F4F744FD00BF00BF4FF0FF30AA
:10E2F000F3E700006D626F7820213D204E554C4CB5
:10E30000000000006D626F782D3E6D627820213D27
:10E31000204E554C4C0000006D626F78207472796D
:10E32000706F7374206661696C65640070B5044633
:10E3300000BF24B900BF0FA0F4F71AFD00BF00BF53
:10E3400000BF206820B900BF0EA0F4F711FD00BF88
:10E3500000BF4FF0FF31206807F0E0FD054600BF29
:10E36000012D04D000BF0CA0F4F702FD00BF00BFD8
:10E3700070BD00006D7574657820213D204E554CB0
:10E380004C0000006D757465782D3E6D757420210C
:10E390003D204E554C4C00006661696C65642074EC
:10E3A0006F2074616B6520746865206D7574657885
:10E3B0000000000010B5044600BF24B900BF08A04B
:10E3C000F4F7D6FC00BF00BF042007F06FF920600F
:10E3D000206810B94FF0FF3010BD0020FCE70000AE
:10E3E0006D7574657820213D204E554C4C00000021
:10E3F00070B5044600BF24B900BF0EA0F4F7B8FC06
:10E4000000BF00BF00BF206820B900BF0DA0F4F717
:10E41000AFFC00BF00BF206807F0A4FB054600BFAB
:10E42000012D04D000BF0CA0F4F7A2FC00BF00BF78
:10E4300070BD00006D7574657820213D204E554CEF
:10E440004C0000006D757465782D3E6D757420214B
:10E450003D204E554C4C00006661696C656420742B
:10E460006F206769766520746865206D75746578BE
:10E470000000000010B507F039FE10BD2DE9F04195
:10E4800092B080460C4615461E46002700BF00206D
:10E4900000902A48006840F08050284908600846EB
:10E4A000006800F08050009000BF00BF00BF002057
:10E4B00000902348006840F48040214908600846E5
:10E4C000006800F48040009000BF00BF0120019070
:10E4D000000402900220079041050891CDF82880A1
:10E4E00009940B950C9601A8F3F7B6FB07461FB1EC
:10E4F000012012B0BDE8F0810F200D9002200E9097
:10E5000000200F904FF4A05010904FF480501190C5
:10E5100004210DA8F3F760FA07460FB10120E8E7E0
:10E52000F3F79AF941F20101884205D105480068E4
:10E5300040F48070034908600020DAE74038024068
:10E5400000700040003C02402DE9FF4706460F46A0
:10E5500090461C46DDF830A000BF002C04DC00BF54
:10E560000FA0F4F705FC00BF00BFA14603A81FFAE7
:10E5700089F243463146CDE900A0384607F070FDE8
:10E58000054600BF012D04D000BF0AA0F4F7F0FB40
:10E5900000BF00BF03980290029804B0BDE8F08766
:10E5A000696E76616C696420737461636B73697AF8
:10E5B000650000007461736B206372656174696F3C
:10E5C0006E206661696C6564000000002DE9F04111
:10E5D00004460E46174600BFB4F1804F04D300BF77
:10E5E00007A0F4F7C5FB00BF00BFFFF743FF051905
:10E5F0003A463146284600F01FF8BDE8F081000099
:10E6000054696D656F75742074696D6520746F6FE2
:10E61000206C6F6E672C206D6178206973204C57D9
:10E6200049505F55494E5433325F4D41582F342085
:10E630006D736563730000002DE9F04106460F46D7
:10E6400090460A20FDF770F904464CB900BF24B982
:10E6500000BF1FA0F4F78CFB00BF00BFBDE8F08136
:10E6600000202060A760C4F80C806660284800681D
:10E6700010B927480460F1E72549606809684968CE
:10E68000401AB0F1004F01D3012000E0002028B172
:10E690001F48006820601E48046017E01C48056899
:10E6A00011E0286850B1606829684968401AB0F1E3
:10E6B000004F01D3012000E0002018B1286820603D
:10E6C0002C6002E02D68002DEBD100BF00BFC5E734
:10E6D0007379735F74696D656F75743A2074696DD1
:10E6E000656F757420213D204E554C4C2C20706F69
:10E6F0006F6C204D454D505F5359535F54494D4504
:10E700004F555420697320656D70747900000000C6
:10E710005C02002010B5012408E0064901EBC402A8
:10E7200051F834000449FFF751FF641C062CF4D360
:10E7300010BD00006C990108C1A8000870B513480D
:10E74000006810B94FF0FF3070BDFFF793FE04462C
:10E750000E4800684068001BB0F1004F01D3012053
:10E7600000E0002008B10020EEE70848006840689B
:10E77000051B00BFB5F1004F04D300BF04A0F4F7A0
:10E78000F7FA00BF00BF2846DEE700005C02002069
:10E79000696E76616C696420736C65657074696D0F
:10E7A000650000002DE9FF5F04460E4600BF34B946
:10E7B00000BF3DA0F4F7DCFA00BFBDE8FF9F00BF3B
:10E7C00000BF207D012804D100BF3EA0F4F7D0FA9D
:10E7D00000BF00BF207D0A2807D12146464802F02D
:10E7E000A3F8204600F0A2FC5CE04FF0000AD346FC
:10E7F000276DD4F82480D4F88C50D4F81090207D64
:10E80000E8B9E08A38B300BF3C480068A04205D1AF
:10E810003A480068C068394908600DE0374908681F
:10E8200006E0C168A14202D1E168C16002E0C068AF
:10E830000028F6D100BF00BF0020E0600BE0B24628
:10E84000B4F816B000BF21462D4802F06DF8012043
:10E850002C49087000BF206F10B1206F03F0FFFA41
:10E86000E06E10B1E06E03F0FAFABAF1000F0CD0CE
:10E8700000BF00BF208B211D23464246CDE9001B6F
:10E8800002903946204603F07BFA207D0390204613
:10E8900000F04CFC00BF1DB16FF00C014846A847CA
:10E8A00000BF00BF00BF88E77463705F6162616E84
:10E8B000646F6E3A20696E76616C69642070636281
:10E8C00000000000646F6E27742063616C6C20741C
:10E8D00063705F61626F72742F7463705F616261F5
:10E8E0006E646F6E20666F72206C697374656E2D36
:10E8F0007063627300000000280200201C020020E8
:10E90000240200202C02002010B5044601212046DC
:10E91000FFF748FF10BD000070B505460120FDF768
:10E9200003F804465CBB00F0DFFC00BF00BF01F051
:10E93000CBF90120FCF7F8FF0446FCB900BF00BF8B
:10E94000092001F087F90120FCF7EEFF0446A4B985
:10E9500000BF00BF082001F07DF90120FCF7E4FFB3
:10E9600004464CB900BF00BF284601F03DF9012024
:10E97000FCF7DAFF044600BF00BF00BF00BF44B38E
:10E9800098212046F1F7EFFC1434657043F6BC6023
:10E99000A4F8500040F66830E082A082FF2004F81E
:10E9A000090C4FF40670E0830620A0856085C01F27
:10E9B000A0830120A08608480068E060074800782E
:10E9C000A07243F6BC60E0860548E0660548E06753
:10E9D000143C204670BD0000180200202E020020CA
:10E9E0004D19010800DD6D0010B5044600BF3CB9AB
:10E9F00000BF0CA0F4F7BCF900BF6FF00F0010BD12
:10EA000000BF00BF00BF207D012805D000BF608B84
:10EA100040F01000608300BF0121204600F00EF896
:10EA2000EDE700007463705F636C6F73653A206993
:10EA30006E76616C69642070636200003EB50446C6
:10EA40000D4600BF24B900BF51A0F4F791F900BFF3
:10EA500000BF002D53D0207D042802D0207D072840
:10EA60004DD1606F20B9208D40F66831884246D084
:10EA700000BFA07E00F0100020B900BF4CA0F4F74A
:10EA800077F900BF00BF208BE18A221DCDE900216C
:10EA9000029023462046626A216D03F071F92046F8
:10EAA00001F0FEFE00BF00BF48480068A04205D14B
:10EAB00046480068C068454908600DE04349086859
:10EAC00006E0C168A14202D1E168C16002E0C0680D
:10EAD0000028F6D100BF00BF0020E06000BF012089
:10EAE0003B49087000BF3B480068A04202D103F0D8
:10EAF00081FF02E0204600F019FB00203EBD207D92
:10EB000020B1012824D002283AD12CE0E08AD8B1E3
:10EB100000BF31480068A04205D12F480068C06896
:10EB20002D4908600DE02C49086806E0C168A14243
:10EB300002D1E168C16002E0C0680028F6D100BFE0
:10EB400000BF0020E06000BF204600F0EFFA1BE0AD
:10EB5000204601F0D9F82146204801F0E5FE204684
:10EB600000F07EFB10E000BF2146184801F0DCFEFB
:10EB700001201749087000BF204600F0D7FA03E0D3
:10EB8000204600F02DF8B9E700BF0020B6E70000EE
:10EB90007463705F636C6F73655F73687574646FC3
:10EBA000776E3A20696E76616C69642070636200EA
:10EBB0007063622D3E666C61677320262054465F49
:10EBC0005258434C4F53454400000000240200209B
:10EBD0002C020020580200201C02002020020020ED
:10EBE00070B5054600BF25B900BF1CA0F4F7C0F8FA
:10EBF00000BF00BF287D032804D004280AD00728BE
:10EC000018D10FE0284603F0A7F904460CB90520F7
:10EC1000287511E0284603F09FF904460CB9052039
:10EC2000287509E0284603F097F904460CB9092035
:10EC3000287501E0002070BD00BF1CB9284601F016
:10EC4000EBF909E0601C38B900BF688B40F00800A0
:10EC5000688300BF0020EEE72046ECE77063622087
:10EC6000213D204E554C4C002DE9F05F80460D466D
:10EC700091469A460A9F00BFB8F1000F04D100BF29
:10EC80003EA0F4F775F800BF00BF00BF25B900BF74
:10EC900042A0F4F76DF800BF00BF07F0010008B113
:10ECA000042000E0002007F0020109B1002100E08B
:10ECB0000021084407F0080109B1002100E000210B
:10ECC000084407F0100109B1002100E000214618B6
:10ECD0000320FCF729FE041E07D100BF00BF284611
:10ECE000FDF71CFE0020BDE8F09F27730020206088
:10ECF000656000BF2889B04204DA00BF30A0F4F795
:10ED000037F800BF00BF2889801B20810020608168
:10ED100014212846FDF7DAF930B100BF00BF2046C4
:10ED200003F090F80020DEE7606840682061B8F8E2
:10ED30001600FBF712FE21690880B8F81800FBF7EF
:10ED40000CFE216948805046FBF7FAFD21694860B6
:10ED5000B346F11706EB91718910491D4FF6FF720A
:10ED600002EA013141EA0900FBF7F7FD21698881D8
:10ED70000020216948822046B5E700007463705F77
:10ED80006372656174655F7365676D656E743A2063
:10ED9000696E76616C696420706362007463705F91
:10EDA0006372656174655F7365676D656E743A2043
:10EDB000696E76616C69642070627566000000009F
:10EDC000702D3E746F745F6C656E203E3D206F70D9
:10EDD000746C656E000000002DE9F04106460D469A
:10EDE000174600BF27B900BF0DA0F3F7C1FF00BF52
:10EDF00000BF15B93046BDE8F0812C8D74B12820D4
:10EE0000844202DD211A89B200E00021884646458D
:10EE100001DA314600E041460E4600BF3046EAE7DF
:10EE20007463705F6566665F73656E645F6D737350
:10EE30005F6E657469663A20696E76616C696420FC
:10EE40006473745F697000002DE9F84304460D4651
:10EE50000027B94600BF00BF00BF05F0030020B97E
:10EE600000BF5648F3F784FF00BF00BF00BF24B9BE
:10EE700000BF53A0F3F77CFF00BF00BF05F0020006
:10EE800000B1012707F0010008B1042000E00020D4
:10EE900007F0020109B1002100E00021084407F059
:10EEA000080109B1002100E00021084407F0100129
:10EEB00009B1002100E0002100EB01094FF42072AC
:10EEC00049463620FDF754F9B0F1000809D100BFDA
:10EED000608B40F08000608300BF4FF0FF30BDE8E2
:10EEE000F88300BFB8F80A00484504DA00BF3CA028
:10EEF000F3F73EFF00BF00BF00972A464146204679
:10EF0000E36DFFF7B1FE061E07D100BF608B40F036
:10EF10008000608300BF701EE1E700BF307C00F01E
:10EF2000030020B100BF3DA0F3F722FF00BF00BFE8
:10EF300000BF308920B100BF3EA0F3F719FF00BF2A
:10EF400000BF00BF00BFE06E08B9E66607E0E06EF4
:10EF500000E0006801680029FBD1066000BF0020C6
:10EF6000A4F8680005F0020010B905F0010010B126
:10EF7000E06D401CE06505F0010028B100BF608B2A
:10EF800040F02000608300BF7068FDF7E0FAB4F83D
:10EF900066100844A4F8660000BF00BFB4F866001D
:10EFA00050B100BF206F30B9E06E20B900BF2CA077
:10EFB000F3F7DEFE00BF00BF002090E70C9C0108C5
:10EFC0007463705F656E71756575655F666C6167AA
:10EFD000733A20696E76616C696420706362000028
:10EFE0007463705F656E71756575655F666C61678A
:10EFF000733A20636865636B207468617420666986
:10F0000072737420706275662063616E20686F6C25
:10F0100064206F70746C656E000000007365672D6E
:10F020003E746370686472206E6F7420616C6967EF
:10F030006E6564007463705F656E71756575655F9C
:10F04000666C6167733A20696E76616C69642073DF
:10F0500065676D656E74206C656E6774680000008E
:10F060007463705F656E71756575655F666C616709
:10F07000733A20696E76616C696420717565756597
:10F08000206C656E6774680070B525480078401C78
:10F090002349087000BF234804683DE0A07F204951
:10F0A0000978884237D01E480078A077A07E00F00B
:10F0B000010088B100BF00BF00BF608B40F00200BC
:10F0C000608300BF204600F0A7FF00BF608B4FF6B3
:10F0D000FC710840608300BFA07E00F0080058B1BA
:10F0E00000BF00BF00BF608B4FF6F7710840608320
:10F0F00000BF2046FFF774FDE568606F48B100204F
:10F1000009490870204602F00DF80748007800B160
:10F11000C1E72C4600E0E468002CBFD170BD0000C0
:10F120002E020020240200202C02002010B50446EC
:10F1300000BF207D012804D100BF05A0F3F718FE11
:10F1400000BF00BF21460120FCF7A0FB10BD00005E
:10F150007463705F667265653A204C495354454E3E
:10F16000000000002DE9F04705460C469146984600
:10F1700032E000BF00BF264624687068FDF7E7F95B
:10F18000074600BF00BF00BFB5F86600B84204DA0A
:10F1900000BF1FA0F3F7ECFD00BF00BFB5F866008D
:10F1A000C01BA5F866003089234909880844224914
:10F1B0000880304602F046FE00BF00BFB5F866008A
:10F1C00050B100BF3CB9B8F1000F04D100BF1BA083
:10F1D000F3F7CEFD00BF00BFB4B121694868FBF76B
:10F1E000AFFB824621698889FBF7B7FB00F003007B
:10F1F00008B1012000E0002021890844504417494B
:10F200000968401A0028B4DD2046BDE8F0870000F8
:10F210007063622D3E736E645F71756575656C65B4
:10F220006E203E3D20706275665F636C656E286E71
:10F230006578742D3E7029004C0200207463705F65
:10F24000726563656976653A2076616C69642071E0
:10F2500075657565206C656E6774680048020020EE
:10F2600010B5044600BF207D012804D100BF05A0D1
:10F27000F3F77EFD00BF00BF21460220FCF706FB2E
:10F2800010BD00007463705F667265655F6C6973C2
:10F2900074656E3A20214C495354454E00000000DD
:10F2A0000D4801880088401C0B4A10800B480068FC
:10F2B00018B10B480088814205DA0A48006800F15D
:10F2C0001402505C704706480078081AC2B203481E
:10F2D0000068805CF6E70000400200203C0200204D
:10F2E0003A0200203402002070B50C48046812E095
:10F2F000E568A07E00F0080058B100BF00BF00BF65
:10F30000608B4FF6F7710840608300BF2046FFF71F
:10F3100067FC2C4600BF002CEAD170BD24020020FF
:10F3200010B5F0F7E7FFC0F30D0000F540400149CC
:10F33000088010BD140200202DE9FE4F05468B46C3
:10F3400000BF25B900BFFBA0F3F712FD00BF00BF4F
:10F35000FE49686808606889142802DA00BF00BFA7
:10F3600090E3FB4A11685069F7F754F828B9F84858
:10F37000007D00F0F000E02800D183E3F349096844
:10F380008889FBF7EAFA00138700142F02DB28892B
:10F39000B84202DA00BF00BF74E3A7F11400ED49E0
:10F3A00008800020EC4908606889B84208DBE94819
:10F3B0000088EA49088039462846FDF725FC43E0E5
:10F3C00000BF286820B900BFE5A0F3F7D1FC00BF5B
:10F3D00000BF14212846FDF717FC6889DF49088023
:10F3E000DC4800880988401A1FFA80FADB48018847
:10F3F0002846FDF709FC28684089504502DA00BF1D
:10F4000000BF3FE328684068D34908605146286838
:10F41000FDF7FAFB2889A0EB0A00288100BF688964
:10F4200020B100BFD2A0F3F7A3FC00BF00BF00BF14
:10F43000288929680989884204D000BFCFA0F3F742
:10F4400097FC00BF00BF00BFC04909680888FBF7F0
:10F4500084FABE4909680880BC4909684888FBF7F6
:10F460007CFABA4909684880B84909684868FBF7D6
:10F4700067FAB64909684860C8490860B34909682D
:10F480008868FBF75DFAB14909688860C44908607B
:10F49000AE490968C889FBF760FAAC490968C881B8
:10F4A000AA4909688889FBF758FA00F03F00BD496E
:10F4B00008702889BC490880BA48007800F0030029
:10F4C00050B108460088401C088028890988884275
:10F4D00002DD00BF00BFD5E24FF00009B348046869
:10F4E00062E000BF207D20B900BFB1A0F3F740FC6F
:10F4F00000BF00BF00BF207D0A2804D100BFB6A016
:10F50000F3F736FC00BF00BF00BF207D012804D107
:10F5100000BFBCA0F3F72CFC00BF00BF207A50B1A5
:10F52000217A8B48406890F83400401CC0B2814278
:10F5300001D0A14637E0208B8449096809888842B8
:10F540002FD1E08A814909684988884229D18049B8
:10F5500060680969884224D17D49206849698842E8
:10F560001FD100BFE068A04204D100BFAFA0F3F7F5
:10F57000FFFB00BF00BFB9F1000F07D0E068C9F87A
:10F580000C008A480068E0608848046000BFE068BA
:10F59000A04204D100BFB0A0F3F7EAFB00BF00BF58
:10F5A00004E0A14600BFE468002C9AD100BF002C03
:10F5B00079D1B448046837E000BF207D0A2804D020
:10F5C00000BFB1A0F3F7D4FB00BF00BF207A48B161
:10F5D000217A5F48406890F83400401CC0B28142F4
:10F5E00000D020E0208B594909680988884219D148
:10F5F000E08A564909684988884213D154496068AD
:10F60000096988420ED1524920684969884209D166
:10F6100000BF00BF204603F06DF92846FDF77EF9D4
:10F62000BDE8FE8F00BFE468002CC5D1A146A2480A
:10F6300006681FE0307A50B1317A4548406890F84A
:10F640003400401CC0B2814201D0B14611E0F08AC2
:10F650003E4909684988884209D13D49306849696D
:10F66000884200D108E00EB1306800B904E0B1462C
:10F6700000BFF668002EDDD100BF9EB1B9F1000FCA
:10F6800007D0F068C9F80C008B480068F0608A4821
:10F69000066000BF00BF304600F06CFB2846FDF757
:10F6A0003DF9BDE7FFE7002C42D000208349086008
:10F6B00028890881084645602448006808610020C0
:10F6C0007F4908607F4908707F4908803548007885
:10F6D00000F0080018B1687B40F001006873606FAB
:10F6E00080B1204601F01EFD0D3028B1606F48B199
:10F6F0002D480088002805DD608D10B9204602F0F5
:10F70000BBFB89E171480460204601F0A1F9804605
:10F7100008F10D0000280CD06A48007800F00800BD
:10F7200020B100BFD4F88C0008B1D1E0DFE0D5E013
:10F7300082E170E17463705F696E7075743A20697C
:10F740006E76616C69642070627566003402002018
:10F7500080890020380200203C0200203A0200206C
:10F76000702D3E6E65787420213D204E554C4C0026
:10F77000702D3E6C656E203D3D203000702D3E7436
:10F780006F745F6C656E203D3D20702D3E6E657818
:10F79000742D3E746F745F6C656E0000440200202F
:10F7A00048020020500200204E02002024020020C7
:10F7B0007463705F696E7075743A20616374697602
:10F7C00065207063622D3E737461746520213D2055
:10F7D000434C4F53454400007463705F696E70750D
:10F7E000743A20616374697665207063622D3E739C
:10F7F0007461746520213D2054494D452D57414980
:10F80000540000007463705F696E7075743A206113
:10F810006374697665207063622D3E7374617465EC
:10F8200020213D204C495354454E00007463705FC5
:10F83000696E7075743A207063622D3E6E657874DF
:10F8400020213D2070636220286265666F7265200A
:10F8500063616368652900007463705F696E707529
:10F86000743A207063622D3E6E65787420213D20CD
:10F8700070636220286166746572206361636865E5
:10F8800029000000280200207463705F696E7075A3
:10F89000743A2054494D452D5741495420706362B4
:10F8A0002D3E7374617465203D3D2054494D452DB6
:10F8B0005741495400000000200200205C780120DC
:10F8C00054020020510200204C0200205802002067
:10F8D0006FF00D01D4F88C202069904700BF2146BD
:10F8E0006B4801F021F82046FFF720FC93E04FF031
:10F8F000000868480088002817DD6648B0F800A0B6
:10F9000000BFE06F30B152462146E36F206998474F
:10F91000804601E04FF0000800BF08F10D0000B97B
:10F920007AE000205B49088000BF204600F0D4F850
:10F9300000B171E05848006878B300BF606F20B133
:10F9400000BF56A0F3F714FA00BF00BFA07E00F07E
:10F95000100038B150480068FCF7E0FF2046FEF781
:10F96000D3FF59E000BFD4F8800048B100234A49D2
:10F97000D4F880C020690A682146E047804607E045
:10F980000023454821460268184601F0DFFF804603
:10F9900000BF08F10D0008B93EE007E0B8F1000F24
:10F9A00004D03D480068606700BF00BF424800784F
:10F9B00000F0200020B3606F30B1606F407B40F0FA
:10F9C0002000616F48731BE0208D40F6683188424B
:10F9D00002D0208D401C208500BFD4F8800040B1AB
:10F9E00000231A462146D4F880C02069E0478046AB
:10F9F00001E04FF0000800BF08F10D0000B90BE076
:10FA000000202E490860204600F066F800B103E0AF
:10FA1000204600F001FB00BF0020284908601E4975
:10FA200008602748406850B325494868FCF776FFCE
:10FA300000202349486022E000BF00BF2149096837
:10FA40008889FAF78AFF00F00400A8B91D48006809
:10FA500000881C49096849881B4ACDE900210290A9
:10FA60001A4800681A4909884218174B1B1D194883
:10FA70000168002002F084F92846FCF74FFF00BF20
:10FA800000BFCDE52846FCF749FF00BFC8E50000F0
:10FA9000240200204C020020540200207063622DDA
:10FAA0003E726566757365645F64617461203D3D97
:10FAB000204E554C4C0000005102002058020020FE
:10FAC0005C7801203402002090890020440200204C
:10FAD0004E0200204802002010B5044600BF24B9A1
:10FAE00000BF12A0F3F744F900BF00BF1948007827
:10FAF00000F01000B8B1A07E00F0100050B900BFB7
:10FB0000D4F88C0028B16FF00E01D4F88C20206955
:10FB1000904700BF2146104800F006FF2046FFF73F
:10FB200005FB012010BD0020FCE700007463705F3E
:10FB3000696E7075745F64656C617965645F636C30
:10FB40006F73653A20696E76616C696420706362D8
:10FB50000000000051020020240200202DE9F041A5
:10FB60000446002600BF24B900BF18A0F3F700F92F
:10FB700000BF00BF00BF00BF00BF00BF00BF00BF8D
:10FB800000BF00BF216D481EFAF7DAFE80464346EB
:10FB900000223146204600F0BFFB05462DB900BFCC
:10FBA00000BF4FF0FF30BDE8F08100231A46294620
:10FBB000204600F095FC231D22462946204600F0F1
:10FBC00045FC074600BF00BF3846ECE77463705F32
:10FBD0006B656570616C6976653A20696E76616CFB
:10FBE00069642070636200002DE9F04107467F2FB1
:10FBF00001DD7F2000E0384606460EB9BDE8F08101
:10FC0000701EC6B24FF0000800251048046813E0CB
:10FC1000607DB04208DB607DB0420CD10C49206AA7
:10FC20000968081A404506D30949206A0968A1EB0A
:10FC300000082546667DE468002CE9D125B100BFA7
:10FC400000BF2846FEF760FE00BFD7E72402002071
:10FC5000180200202DE9F041054600BF082D06D00E
:10FC6000092D04D000BF12A0F3F782F800BF00BF37
:10FC700000270026124804680EE0207DA8420AD121
:10FC80001049206A0968081AB84204D30D49206A4D
:10FC900009680F1A2646E468002CEED12EB100BF89
:10FCA00000BF00213046FEF77DFDBDE8F081000079
:10FCB000696E76616C69642073746174650000001C
:10FCC000240200201802002070B5002600250C48F0
:10FCD00004680BE00B49206A0968081AB04204D393
:10FCE0000849206A09680E1A2546E468002CF1D1FB
:10FCF00025B100BF00BF2846FEF706FE70BD00001C
:10FD0000280200201802002070B5044600BF24B964
:10FD100000BF0EA0F3F72CF800BF00BF00BF207D8E
:10FD2000012804D000BF0CA0F3F722F800BF00BFE9
:10FD3000012507E00E4951F825100868214601F019
:10FD400093FE6D1C042DF5D370BD0000706362201E
:10FD5000213D204E554C4C007063622D3E73746102
:10FD60007465203D3D204C495354454E0000000031
:10FD70005C9901082DE9FE4305465448007800F0DF
:10FD8000040008B1BDE8FE8300BF25B900BF50A044
:10FD9000F2F7EEFF00BF00BF4C48007800F0100003
:10FDA000C0B100BF00BF52480068008850490968D0
:10FDB0004988504ACDE9002102904F4800684F49D8
:10FDC000098842184B4B1B1D4D480168284601F01D
:10FDD000D7FF79E03D48007800F00200002873D09A
:10FDE00000BF00BF687DFEF797FD044684B900BFE1
:10FDF00000BF00BFA86938B14FF0FF320021AB69E6
:10FE000028699847804601E06FF00F0800BFB9E706
:10FE10003848103840692060364810380069606002
:10FE2000E88AE08232480068008820830320207539
:10FE300031480068401C6062606AE062204600F061
:10FE4000C5F80646A66526656664E6652A48006824
:10FE5000401E606528692061A567687A00F00C0083
:10FE60006072287A207200BF00BF26480068E060F8
:10FE70002448046002F022FD00BF012022490870DE
:10FE800000BF204600F09AFC19480068C08924F899
:10FE9000600F20886080603C201DF6F735FF8046AB
:10FEA000608E221D4146FEF797FF60861221204694
:10FEB000FEF7CAFF074627B100212046FEF772FC75
:10FEC00060E7204600F0A8F800BF5BE75002002082
:10FED0007463705F6C697374656E5F696E7075745E
:10FEE0003A20696E76616C6964207063620000007C
:10FEF0003402002090890020440200204E0200209D
:10FF000048020020240200202C02002070B5064682
:10FF10000D46D6B13068C0B10C480168304600F0DB
:10FF20001BF80B480168304600F016F86DB12868E0
:10FF300058B10848046806E020683168884201D159
:10FF400028682060E468002CF6D170BD24020020EF
:10FF50001C020020200200202DE9F04105460E463B
:10FF6000344600BF25B900BF0BA0F2F701FF00BF68
:10FF700000BF0CE020682968884207D1E76800BF0D
:10FF800000BF2046FEF7C0FC3C4600E0E468002CC1
:10FF9000F0D1BDE8F08100007463705F6E65746934
:10FFA000665F69705F616464725F6368616E6765F4
:10FFB000645F7063626C6973743A20696E76616C19
:10FFC0006964206F6C645F616464720010B50446FC
:10FFD00000BF24B900BF07A0F2F7CAFE00BF00BFF0
:10FFE0000B4800680B49096808440949086008463D
:10FFF000006810BD7463705F6E6578745F697373B9
:020000040801F1
:100000003A20696E76616C6964207063620000005A
:1000100030020020180200202DE9F84F044600BFEE
:1000200024B900BFA5A0F2F7A3FE00BF00BF00BF28
:10003000207D012804D100BFA6A0F2F799FE00BFE1
:1000400000BFAE480068A04202D10020BDE8F88F92
:10005000B4F86000B4F84810884202DAB4F86000DE
:1000600001E0B4F848008146E56E65B900BF00BF05
:1000700000BF00BFA07E00F0020018B1204601F0D2
:10008000FBFEE3E710E100BF00BF221D2146204632
:1000900001F066FE074617B96FF00300D6E70CB112
:1000A000206858B90FB1381D00E00020014611B991
:1000B0006FF00300CAE70868206000BF296948683C
:1000C000FAF73EFC616C401A29890844484519D961
:1000D000B4F8600048450CD1206F50B994F89500F1
:1000E00038B9002004F8940F012060700020A0703F
:1000F000943CA07E00F0020018B1204601F0BCFE46
:10010000A4E7D1E0002084F89500266F26B100E036
:10011000366830680028FBD1B3E000BF29698889C0
:10012000FAF71BFC00F0040020B100BF74A0F2F746
:100130001FFE00BF00BF206FA0B1A07E00F04400F2
:1001400080B9E06E38B1E06E006858B9E06E0089A1
:10015000618E884206DAB4F8640018B1B4F866001B
:10016000582801DB012000E0002020B9A07E00F02B
:10017000A00000B991E0207D022807D01020FAF7F6
:10018000ECFB296989890843296988813A46214617
:10019000284600F001FA0090009838B100BF608B4B
:1001A00040F08000608300BF00984FE70020688126
:1001B0002868E066207D022806D000BF608B4FF6DD
:1001C000FC710840608300BF29694868FAF7B8FBF2
:1001D000804629698889FAF7C0FB00F0030008B15E
:1001E000012000E000202989084408EB000A206D66
:1001F000B0EB0A0001D5C4F850A029698889FAF744
:10020000ACFB00F0030008B1012000E000202989C8
:10021000084470B300202860206F10B925672E466F
:100220002EE029694868FAF78BFB804631694868F7
:10023000FAF786FBB8EB00001CD504F1700801E06A
:10024000D8F80080D8F8000068B1D8F80010096923
:100250004868FAF775FB834629694868FAF770FB26
:10026000BBEB0000ECD4D8F800002860C8F80050C0
:1002700006E002E03560366802E0284601F0E2FD63
:10028000E56E55B129694868FAF75AFB616C401A66
:100290002989084448457FF640AF00BFE06E10B999
:1002A0000020A4F8680000BF00BF608B4FF67F718C
:1002B0000840608300BF0020C8E600007463705FE0
:1002C0006F75747075743A20696E76616C6964201C
:1002D00070636200646F6E27742063616C6C2074BD
:1002E00063705F6F757470757420666F72206C69CF
:1002F0007374656E2D7063627300000058020020F5
:10030000525354206E6F7420657870656374656411
:1003100020686572652100002DE9FF4104460E4604
:100320001746984600BF24B900BF0EA0F2F720FD83
:1003300000BF00BF608D1023218BE28ACDE901133D
:100340000092039043463A463146606A00F01EF838
:1003500005461DB1618D606A0844E062284604B01C
:10036000BDE8F0817463705F6F75747075745F6160
:100370006C6C6F635F6865616465723A20696E7664
:10038000616C696420706362000000002DE9F05F19
:1003900082460D4617469846DDF830B005F1140048
:1003A000384481B24FF420722220FBF7E1FE06466A
:1003B000002E30D000BF718905F11400814204DAAB
:1003C00000BF16A0F2F7D4FC00BF00BF74680A9803
:1003D000FAF7C3FA20800B98FAF7BFFA6080C4F8E6
:1003E00004805046FAF7ACFAA060A946E91705EB7D
:1003F00091718910491D4FF6FF7202EA013141EAFD
:100400000B00FAF7AAFAA0810D98FAF7A6FAE08194
:100410000020208260823046BDE8F09F63686563FB
:100420006B207468617420666972737420706275E1
:10043000662063616E20686F6C64207374727563EC
:1004400074207463705F6864720000002DE9FE4FD1
:1004500004460E4692469B4600BF26B900BF15A033
:10046000F2F786FC00BF00BF5A465146204601F015
:1004700077FC054615B96FF0030715E024B194F831
:100480000B8094F80A9003E04FF0FF084FF000094A
:10049000062043465A465146CDE900900295304623
:1004A000F6F72AFA074600BF3046FCF737FA384617
:1004B000BDE8FE8F7463705F6F75747075745F63F1
:1004C0006F6E74726F6C5F7365676D656E743A20E2
:1004D000696E76616C696420706275660000000068
:1004E0002DE9F04781460D4614469A464FF0000824
:1004F00000BF25B900BF19A0F2F73AFC00BF00BF4A
:100500006E6806F1140700BF384600EB880004F05F
:10051000010109B1042100E00021084404F00201B6
:1005200009B1002100E00021084404F0080109B1EC
:10053000002100E00021084404F0100109B100216D
:1005400000E000210844B84204D000BF0DA0F2F73B
:100550000FFC00BF00BFBDE8F08700007463705F50
:100560006F75747075745F66696C6C5F6F707469B9
:100570006F6E733A20696E76616C69642070627583
:10058000660000006F7074696F6E73206E6F742068
:1005900066696C6C656400002DE9FE4F04460D46EB
:1005A000164600BF24B900BF52A0F2F7E1FB00BF1E
:1005B00000BF00BF25B900BF56A0F2F7D9FB00BFAE
:1005C00000BF00BF26B900BF5AA0F2F7D1FB00BFA1
:1005D00000BF204600F0CCF820B100BF00BF0020D3
:1005E000BDE8FE8F686AFAF7ABF921698860688D0B
:1005F000FAF7B3F92169C881698D686A0844E8622D
:10060000206900F11407207B00F0010068B12A1D69
:10061000314640F2B450FEF7DFFB82464AF00170EB
:10062000FAF78EF938603F1D00BFB5F93000002899
:1006300001DA00202886686B48B94748006868637B
:1006400021694868FAF77CF9A86300BF00BF00BFC2
:1006500000BF208A61688988401A1FFA80F86068A4
:100660004089A0EB08006168488160680089A0EBC0
:10067000080061680881616820694860002021697C
:10068000088200BF20691430217B01F0010109B10B
:10069000042100E000210844217B01F0020109B19E
:1006A000002100E000210844217B01F0080109B18C
:1006B000002100E000210844217B01F0100109B174
:1006C000002100E000210844B84204D000BF23A06C
:1006D000F2F74EFB00BF00BF0621A87A8DE8430069
:1006E000EB7A2A1D29466068F6F706F981464846E6
:1006F00076E700007463705F6F75747075745F7374
:1007000065676D656E743A20696E76616C69642008
:10071000736567007463705F6F75747075745F7371
:1007200065676D656E743A20696E76616C696420E8
:10073000706362007463705F6F75747075745F735B
:1007400065676D656E743A20696E76616C696420C8
:100750006E65746966000000180200206F7074698D
:100760006F6E73206E6F742066696C6C6564000038
:1007700010B5044600BF24B900BF06A0F2F7F8FA8E
:1007800000BF00BF6068807B012801D0012010BD40
:100790000020FCE77463705F6F75747075745F732D
:1007A00065676D656E745F627573793A20696E7600
:1007B000616C696420736567000000002DE9F041F9
:1007C000054600BF25B900BF2CA0F2F7D1FA00BF43
:1007D00000BF3148008800284DD000202F490880F4
:1007E00043E0FEF75DFD074627B1012F06D0022F3B
:1007F00028D106E000BF00BFBDE8F08100BF00BF08
:1008000031E000BF00BFFEF74BFD042806D12348AE
:100810000088801C20490988884202DD00BF00BF93
:10082000EAE7FEF73DFD0602FEF73AFD064340F219
:10083000B450864200DC16B940F2B45000E03046B5
:10084000688610E000BF00BFFEF72AFD0446022CB8
:1008500002DA00BF00BFCFE7A01E10490988084494
:100860000E49088000BF00BF00BF0C4800880A493D
:1008700009888842B5DB00BFBEE700007463705F83
:1008800070617273656F70743A20696E76616C691D
:1008900064207063620000003802002040020020E3
:1008A00010B5044600BF2CB900BF18A0F2F760FADB
:1008B00000BF10BD00BF207D30B3207D0A2823D0AB
:1008C000207D012820D000BF00BF606F30B100BF85
:1008D00000BF606FFCF722F800206067E06E08B18F
:1008E00000BF00BF206F08B100BF00BF4FF0FF3056
:1008F0002086E06E01F0B3FA206F01F0B0FA00201C
:10090000E0662067A4F8680000BFD2E77463705FF8
:100910007063625F70757267653A20696E76616CAC
:10092000696420706362000070B505460C4600BF24
:1009300024B900BF2AA0F2F71BFA00BF00BF00BF16
:1009400025B900BF2DA0F2F713FA00BF00BF00BF0A
:100950002868A04203D12868C06828600CE0286895
:1009600006E0C168A14202D1E168C16002E0C0684E
:100970000028F6D100BF00BF0020E06000BF204685
:10098000FFF78EFF207D0A280FD0207D01280CD094
:10099000A07E00F0010040B100BF608B40F002007B
:1009A000608300BF2046FFF737FB207D012811D070
:1009B00000BFE06E20B100BF18A0F2F7D9F900BF68
:1009C00000BF00BF206F20B100BF1AA0F2F7D0F91E
:1009D00000BF00BF00202075E08200BF00BF70BDD7
:1009E0007463705F7063625F72656D6F76653A20E5
:1009F000696E76616C696420706362007463705F15
:100A00007063625F72656D6F76653A20696E7661BC
:100A10006C6964207063626C69737400756E7365D1
:100A20006E74207365676D656E7473206C65616BA1
:100A3000696E6700756E61636B6564207365676DD1
:100A4000656E7473206C65616B696E6700000000F1
:100A50002DE9FE4304460027002600BF24B900BF4D
:100A6000F4A0F2F785F900BF00BFF948007800F064
:100A70000400002846D0207D022806D1F549206DCB
:100A8000096888421BD1012719E0F349606A0968A7
:100A9000884201D1012712E0EF49606A0968081A0B
:100AA0000DD4218D606A0844EB490968081A0028B2
:100AB00005DC00BF608B40F00200608300BFDFB147
:100AC00000BF00BF00BF207D20B900BFE3A0F2F748
:100AD0004FF900BF00BFE948007840F00800E7493F
:100AE000087000BF608B4FF6FE710840608300BF46
:100AF0006FF00D00BDE8FE8300BF00BF00BF00BF68
:100B00000020F7E7D248007800F0020068B1207DAD
:100B100002280AD0207D032807D000BF608B40F058
:100B20000200608300BF0020E4E7A07E00F0100018
:100B300010B9D34800682062002084F8970084F838
:100B400096002046FFF73AFE207D801E08287BD2C3
:100B5000DFE800F004CAFDFCFBFAF9F800BF00BFB3
:100B6000BB48007800F0100000286ED0B84800782C
:100B700000F002000028F8D0606C401CB5490968FC
:100B8000884262D1B4480068401C6062606AE062DA
:100B9000B04800686064BB480068C089A4F8600081
:100BA000B4F86000A4F86200AB480068401E6065BD
:100BB00004202075201DF6F7A7F88046608E221DC0
:100BC0004146FEF709F96086608E8100400041F2DF
:100BD0001C12904202D9608E400001E041F21C10CC
:100BE000814202D2608E80000AE0608E400041F2B5
:100BF0001C11884202D9608E400001E041F21C10B5
:100C0000A4F8480000BF00BF00BFB4F86600002889
:100C100004DC00BF9CA0F2F7ABF800BF00BFB4F843
:100C20006600401EA4F8660000BF00BF256F6DB9C6
:100C3000E56E00BF25B900BF99A0F2F799F800BF93
:100C400000BF2868E06603E05BE228E028682067D0
:100C5000284601F0F7F8206F18B94FF0FF302086D2
:100C600003E00020208684F8420000BFD4F884000E
:100C700038B100222146D4F88430206998470646CE
:100C800000E0002600BF06F10D0010B96FF00C0067
:100C900030E700BF608B40F00200608323E06C48C7
:100CA000007800F01000F0B17648006800887549BF
:100CB000096849887F4ACDE90021029066480068AA
:100CC0007D49098842187B4B1B1D624801682046FC
:100CD00001F056F894F84200062804DA0020208635
:100CE000204600F091FF0DE25948007800F0100016
:100CF000002877D0606C401C56490968081A73D4E4
:100D00005449206D0968081A00286DDC04202075FC
:100D100000BF00BFA06F10B96FF005061FE000BF55
:100D2000A06F806920B900BF64A0F2F721F800BF6E
:100D300000BF00BFA06F806970B1A16F2069002261
:100D40008B6905E0C5E183E1CAE041E1DAE0C8E092
:100D500021469847064601E06FF00F0600BF46B1F6
:100D600006F10D0010B12046FDF7CEFD6FF00C002E
:100D7000C0E6204600F044FA5848008820B15748A1
:100D80000088401E55490880608E8100400041F275
:100D90001C12904202D9608E400001E041F21C100A
:100DA000814202D2608E80000AE0608E400041F2F3
:100DB0001C11884202D9608E400001E041F21C10F3
:100DC000A4F8480000BF00BF2C48007800F02000C5
:100DD00000B300BF608B40F00200608300BF0720BB
:100DE000207526E017E0FFE72648006801882548BF
:100DF000006840882F4ACDE900200291164800681B
:100E00002D49098842182B4B1B1D124801682046AA
:100E100000F0B6FF0DE00E48007800F0020040B18F
:100E2000606A401E0C490968884202D1204600F0E1
:100E300045FE67E17463705F70726F636573733A48
:100E400020696E76616C6964207063620000000046
:100E50005002002048020020440200207463705FAA
:100E6000696E7075743A207063622D3E737461749C
:100E70006520213D20434C4F534544005102002042
:100E800018020020340200207063622D3E736E64ED
:100E90005F71756575656C656E203E2030000000E1
:100EA0006E6F207365676D656E7420746F20667257
:100EB00065650000908900204E0200207063622D5D
:100EC0003E6C697374656E65722D3E616363657017
:100ED0007420213D204E554C4C0000004C02002057
:100EE00000BF204600F08CF98848007800F0200010
:100EF00038B100BF608B40F00200608300BF072064
:100F00002075FFE0204600F07BF98048007800F073
:100F10002000E8B37E48007800F01000C8B37D4997
:100F2000206D096888423BD1E06E90BB00BF00BFD6
:100F300000BF608B40F00200608300BF2046FFF7D7
:100F4000AFFC00BF00BF74480068A04205D17248E2
:100F50000068C068704908600DE06F49086806E0E5
:100F6000C168A14202D1E168C16002E0C068002806
:100F7000F6D100BF00BF0020E06000BF012067493C
:100F8000087000BF0A20207500BF6548006801E0B6
:100F90000FE005E0E0606248046001F08FFC16E0BD
:100FA00000BF608B40F00200608300BF0820207506
:100FB0000DE05748007800F0100040B15549206D11
:100FC0000968884203D1E06E08B90620207599E0CF
:100FD000204600F015F94D48007800F02000B0B32D
:100FE00000BF00BF00BF608B40F00200608300BF05
:100FF0002046FFF755FC00BF00BF47480068A042ED
:1010000005D145480068C068434908600DE0424981
:10101000086806E0C168A14202D1E168C16002E04F
:10102000C0680028F6D100BF00BF0020E06000BF0C
:1010300001203A49087000BF0A20207500BF3848D7
:101040000068E0603648046001F038FC00BF59E0F9
:10105000204600F0D5F82E48007800F01000B8B314
:101060002C49206D0968884232D1E06E80BB00BFF8
:1010700000BF2046FFF714FC00BF00BF26480068F1
:10108000A04205D124480068C068234908600DE0EB
:101090002149086806E0C168A14202D1E168C16047
:1010A00002E0C0680028F6D100BF00BF0020E06069
:1010B00000BF01201949087000BF0A20207500BF39
:1010C00017480068E0601648046001F0F7FB00BFB5
:1010D00018E0204600F094F80D48007800F0100069
:1010E00070B10C49206D0968884209D1E06E38B9A9
:1010F00000BF00BF0548007840F0100003490870A9
:1011000000E000BF00BF0020F4E400005102002016
:101110005002002048020020240200202C0200205F
:10112000280200202DE9F041044600BF44B900BF69
:1011300029A0F1F71DFE00BF6FF00F00BDE8F081A0
:1011400000BF606F477B666F0020606700BF00BF15
:1011500000BFD4F8800040B1002332462146D4F8C5
:1011600080C02069E047054606E00023324621465C
:10117000184600F0EBFB054600BFFDB907F0200064
:1011800040B3208D40F66831884202D0208D401C4B
:10119000208500BFD4F8800040B100231A462146C4
:1011A000D4F880C02069E047054600E0002500BF74
:1011B00005F10D0070B96FF00C00BFE705F10D00EF
:1011C00020B900BF00BF6FF00C00B7E766676FF093
:1011D0000400B3E70020B1E77463705F70726F635F
:1011E0006573735F726566757365645F646174616E
:1011F0003A20696E76616C69642070636200000059
:101200002DE9F05F04464FF0000A00BF24B900BF8B
:10121000F7A0F1F7ADFD00BF00BF00BF207D04289F
:1012200004DA00BFF9A0F1F7A3FD00BF00BFFE483C
:10123000007800F01000002872D0B4F86000A16DB2
:1012400000EB0108F949606D0968401A15D4F749A7
:10125000606D0968884204D1F549A06D0968401A9B
:101260000BD4F349A06D096888421CD1F14800688D
:10127000C089B4F86010884215D9EE480068C0896A
:1012800024F8600F608834F86019884203DAB4F8F3
:101290006000A4F86200E54800686065E448006802
:1012A000A06500BF00BFE249606C0968081A002809
:1012B0004ADCE148008890BBB4F86010A06D084497
:1012C00040453AD1B4F93000002836DBD849606C8B
:1012D0000968884231D14FF0010A94F84300401C5C
:1012E000C0B294F84310884204DD94F84300401CD7
:1012F00084F8430094F84300032817DD00BFB4F8D6
:101300004800618E084480B2B4F84810884208DB77
:10131000B4F84800618E0844A4F8480005E00CE0E9
:1013200035E14FF6FF70A4F8480000BF94F8430081
:10133000032802DB204600F011FCBAF1000F02D1B5
:10134000002084F84300F0E0606C401CB849096854
:10135000081A6ED4B649206D0968081A002868DC9E
:10136000A07E00F0040060B100BF608B4FF6FB71FF
:101370000840608300BF483460882080002060847B
:10138000483C00202434A077608BB4F9181000EB9F
:10139000E10000B2A083208CA5490988081A86B212
:1013A0000020E077A2480068206214F8100C243C6A
:1013B000042868DBB4F84800B4F84A10884229DAF7
:1013C000628B02F400620AB1012200E0022211469F
:1013D000628E4A4392B2B24201DD324602E0628E30
:1013E0004A4392B2104600BFB4F84820024492B279
:1013F000B4F848309A4205DBB4F848200244A4F817
:10140000482003E04FF6FF72A4F8482000BF00BF59
:1014100000BF38E000BFB4F86A00304480B2B4F8CE
:101420006A10884206DBB4F86A003044A4F86A0007
:1014300004E077E04FF6FF70A4F86A0000BFB4F84C
:101440006A00B4F8481088421BDB4834608C21885D
:10145000401A6084483C00BFB4F84800618E0844DC
:1014600080B2B4F84810884206DBB4F84800618EB8
:101470000844A4F8480003E04FF6FF70A4F84800C1
:1014800000BF00BF00BF00BF00BF6CA22046D4E970
:101490001B31FDF767FE20676AA22046D4E91B13C3
:1014A000FDF760FEE066206F18B94FF0FF30208630
:1014B00001E00020208600202077E06E10B9002097
:1014C000A4F86800B4F86400604909880844A4F8E6
:1014D0006400608B00F4006018B3206F88B9E06E80
:1014E00040B1E16E09694868F9F72AFAE16C081A17
:1014F000002816DC00BF608B4FF2FF71084060834C
:101500000FE0216F09694868F9F71AFAE16C081AC7
:10151000002806DC00BF608B4FF2FF71084060833B
:1015200000BF02E0204600F0A7FC00BF00BF606BD8
:1015300068B33F49A06B0968401A28D5A08E44497A
:101540000988081A05B200BF00BFB4F93C00A5EB3A
:10155000E00005B2A08F284400B2A087002D01DA78
:10156000684205B2B4F93E00A5EBA00005B2E08FD9
:10157000284400B2E087E08FB4F93C1000EBE100B2
:1015800000B2A4F8400000BF00BF002060632A48FA
:10159000008800282BDD207D072828DA2348616A8F
:1015A0000068401C081A67D42048616A0068224A13
:1015B00012881044401E081A00285DDC2548476840
:1015C0001A49606A0968A0EB010900BF2148406818
:1015D00020B900BF20A0F1F7CBFB00BF00BF00BFC8
:1015E0004FF6FF7081454BD300BF1FA045E059E186
:1015F0007463705F726563656976653A20696E76BB
:10160000616C696420706362000000007463705F45
:10161000726563656976653A2077726F6E672073CD
:101620007461746500000000500200204402002034
:1016300048020020340200204E020020756E6163D3
:101640006B656400756E73656E7400004C0200205B
:10165000180200205C780120696E7365672E702087
:10166000213D204E554C4C00696E73616E65206FB4
:10167000666673657421000033E0F1F779FB00BF03
:1016800000BF1FFA89F600BF914840680089B04248
:1016900004DA00BF8FA0F1F76BFB00BF00BF8C48DE
:1016A0000089801B8A490881084640680089801BA0
:1016B0001FFA80FB07E07889301A86B2A7F808B0D5
:1016C000002078813F687889B042F4DB31463846A3
:1016D000FBF79AFA8349606A08607D4909694860A6
:1016E0000CE08049606A0968081A07D500BF00BF8E
:1016F00000BF608B40F00200608300BF7949606AE0
:101700000968081A7ED4218D606A0844401E754914
:101710000968081A002875DC7249606A09688842FD
:1017200071D16B4909698889F9F717F900F003004D
:1017300008B1012000E000206549098908446A4990
:101740000880208D0988884252DA00BF00BF6049B6
:1017500009698889F9F701F900F0010098B15C493D
:1017600009698889F9F7F9F800F03E063046F9F77B
:10177000F4F85749096989894CF2FF02114008437E
:10178000534909698881208D5149088109698889EF
:10179000F9F7E3F800F0020020B14D480089401E3F
:1017A0004B4908814A4A11895068FBF791F9484929
:1017B00009698889F9F7D1F800F0030008B1012020
:1017C00000E000204249098908444749088000BFD9
:1017D000218D606A014443480068434A12881044DE
:1017E000814204D000BF41A0F1F7C2FA00BF00BFA0
:1017F0003C4800683C4909880844606200BF208D6D
:10180000394901E04AE045E00988884204DA00BF2E
:1018100044A0F1F7ADFA00BF00BF208D324909881E
:10182000401A2085204601F0EFF8294840680089D9
:10183000002806DD26484068424908600020244907
:101840004860234909698889F9F787F800F00100A1
:1018500038B100BF00BF3C48007840F020003A4952
:10186000087000BFA07E00F0010060B100BF608B77
:101870004FF6FE710840608300BF00BF608B40F0F0
:101880000200608305E000BF608B40F001006083D0
:1018900000BF1BE0204600F0EFFA17E0204600F002
:1018A000EBFA13E00F49606A0968081A08D4218D21
:1018B000606A0844401E0B490968081A002805DDC3
:1018C00000BF608B40F00200608300BFBDE8F09F66
:1018D0005C7801207062756620746F6F2073686F8A
:1018E00072742100440200204E0200207463705F75
:1018F000726563656976653A207365676D656E74B8
:10190000206E6F74207472696D6D656420636F72F0
:10191000726563746C7920746F207263765F776E82
:10192000640A00007463705F726563656976653A86
:10193000207463706C656E203E207263765F776EF4
:10194000640A000054020020510200202DE9F041F9
:1019500007460D4614461E4600BF45B900BF0CA001
:10196000F1F706FA00BF6FF00F00BDE8F08100BF8D
:101970003CB12189284600F019F82046FAF7CEFF3D
:1019800004E01EB92846FDF72FF8EEE70020ECE74B
:101990007463705F726563765F6E756C6C3A206914
:1019A0006E76616C69642070636200002DE9F0411D
:1019B00004460F4600BF34B900BF1BA0F1F7D8F9A9
:1019C00000BFBDE8F08100BF00BF207D012804D129
:1019D00000BF1BA0F1F7CCF900BF00BF208D384439
:1019E00085B240F66830854202DC208DA84205DDD4
:1019F00000BF00BF40F66830208500E02585204606
:101A000001F002F8064640F2DA20864208D300BF11
:101A1000608B40F00200608300BF2046FEF7FCFAB6
:101A200000BF00BF00BFCCE77463705F7265637670
:101A300065643A20696E76616C6964207063620047
:101A4000646F6E27742063616C6C207463705F72C6
:101A5000656376656420666F72206C697374656E69
:101A60002D7063627300000070B506460D4600BF1E
:101A700025B900BF07A0F1F77BF900BF00BF3446CE
:101A800005E0A06FA84201D10020A067E468002C07
:101A9000F7D170BD7463705F72656D6F76655F6C52
:101AA000697374656E65723A20696E76616C6964FB
:101AB000206C697374656E65720000002DE9F04159
:101AC000044600BF24B900BF1EA0F1F751F900BFC2
:101AD00000BF206F18B96FF00500BDE8F081256FD9
:101AE0002846FEF745FE20B100BF00BF6FF005009D
:101AF000F3E72868206704F16C0600E03668306878
:101B000058B1316809694868F8F71AFF074629692A
:101B10004868F8F715FF381AF0D430682860356047
:101B2000286810B90020A4F8680094F84200FF2843
:101B300004DA94F84200401C84F8420000206063FC
:101B400000BFCAE77463705F7265786D69743A208C
:101B5000696E76616C6964207063620010B504463A
:101B600000BF24B900BF20A0F1F702F900BF00BFF9
:101B7000206FC0B3A07E00F00400A0BB00BF00BF78
:101B80002046FFF79BFF70BBB4F84810B4F8602004
:101B9000914202DAB4F8481001E0B4F86010084647
:101BA00001EBD071C1F34F01A4F84A10B4F84A0018
:101BB000618E4900884206D200BF00BF608E40049B
:101BC000000CA4F84A00B4F84A00618E032202FB1C
:101BD0000100A4F8480000BF608B40F0040060835F
:101BE00000BF0020208610BD7463705F7265786D41
:101BF00069745F666173743A20696E76616C6964BA
:101C0000207063620000000010B5044600BF24B9D4
:101C100000BF06A0F1F7ACF800BF00BF204600F0FF
:101C20003DF810B9204600F00FF810BD7463705FE6
:101C30007265786D69745F72746F3A20696E76614F
:101C40006C6964207063620010B5044600BF24B95B
:101C500000BF09A0F1F78CF800BF00BF94F8420064
:101C6000FF2804DA94F84200401C84F84200204621
:101C7000FEF7D2F910BD00007463705F7265786D75
:101C800069745F72746F5F636F6D6D69743A206918
:101C90006E76616C696420706362000070B5044602
:101CA00000BF24B900BF25A0F1F762F800BF00BF54
:101CB000206F10B96FF0050070BD256F09E0284650
:101CC000FEF756FD20B100BF00BF6FF00500F3E73F
:101CD0002D6828680028F2D12846FEF749FD20B17A
:101CE00000BF00BF6FF00500E6E7E06E2860E06E21
:101CF00010B96889A4F86800206FE06600202067AA
:101D000000BF608B40F40060608300BF29694868B1
:101D1000F8F716FE064629698889F8F71EFE00F0D6
:101D2000030008B1012000E0002029890844304464
:101D3000E0640020606300BFBEE700007463705F72
:101D40007265786D69745F72746F5F7072657061CF
:101D500072653A20696E76616C6964207063620016
:101D600070B504460E4615462CB1207A18B1207A7B
:101D7000FAF752F870BD2846F4F7C6FFFAE70000FC
:101D80002DE9F04F85B083460E4617461D46DDF817
:101D9000388000BF25B900BF1CA0F0F7E9FF00BFE5
:101DA00000BF00BFB8F1000F04D100BF1EA0F0F7C4
:101DB000DFFF00BF00BF4FF0000A46F60B093046B8
:101DC000F8F7BEFD14220490DDE90F018DE807024B
:101DD000002251463846049BFEF7D8FA044624B93F
:101DE00000BF00BF05B0BDE8F08F00231A462146B2
:101DF0005846FEF775FB43462A4621465846FEF7ED
:101E000025FB00BF00BF00BFECE700007463705FFC
:101E10007273743A20696E76616C6964206C6F63CA
:101E2000616C5F69700000007463705F7273743A74
:101E300020696E76616C69642072656D6F74655F90
:101E40006970000010B5044644B1606810B1606864
:101E5000FAF764FD21460320F9F718FD10BD70B5AF
:101E6000044605E025682046FFF7ECFF2C4600BF3E
:101E7000002CF7D170BD00002DE9F0470446002585
:101E8000A94600BF24B900BF2BA0F0F771FF00BF27
:101E900000BF05F0010008B1042000E0002005F0BB
:101EA000020109B1002100E00021084405F0080109
:101EB00009B1002100E00021084405F0100109B13A
:101EC000002100E0002100EB0108206DF8F738FD4B
:101ED00082465346002241462046FEF71DFA06463A
:101EE0005EB900BF608B40F00300608300BF00BF9D
:101EF00000BF6FF00100BDE8F0874B462A4631462F
:101F00002046FEF7EDFA00BF00BF231D22463146F2
:101F10002046FEF79BFA07462FB100BF608B40F0CA
:101F20000300608306E000BF608B4FF6FC71084041
:101F3000608300BF3846DEE77463705F73656E646C
:101F40005F656D7074795F61636B3A20696E76616D
:101F50006C6964207063620070B5044600BF24B9E8
:101F600000BF15A0F0F704FF00BF00BFE06EE8B1AE
:101F7000E56E00E02D6828680028FBD12969888972
:101F8000F8F7EBFC00F0070078B90120F8F7E5FC62
:101F90002969898908432969888100BF608B40F0DD
:101FA0002000608300BF002070BD00BF01212046DB
:101FB000FCF74AFFF8E700007463705F73656E64B6
:101FC0005F66696E3A20696E76616C696420706341
:101FD000620000002DE9F04F85B04FF00009F7488E
:101FE0000068401CF5490860F5480078401CF44939
:101FF000087000BF0025F34804680CB900BF00BF9B
:102000009EE200BF00BF00BF207D20B900BFEEA050
:10201000F0F7AEFE00BF00BF00BF207D012804D155
:1020200000BFF4A0F0F7A4FE00BF00BF00BF207DFA
:102030000A2804D100BFFAA0F0F79AFE00BF00BF43
:10204000A07FDF490978884202D12546E46877E21B
:10205000DB480078A0770026B046207D022807D113
:1020600094F84200062803DB701CC6B200BFCCE027
:1020700094F842000C2803DB701CC6B200BFC4E019
:1020800094F89500002853DD00BF206F20B100BFF9
:10209000EFA0F0F76DFE00BF00BF00BFE06E20B9FB
:1020A00000BFF8A0F0F764FE00BF00BF94F89600F0
:1020B0000C2802DB701CC6B2A7E094F89500401E05
:1020C000FE490F5C94F89400B84204DA94F8940046
:1020D000401C84F8940094F89400B84227DB4FF039
:1020E000010AB4F8600030B9204600F0E5FC70B198
:1020F0004FF0000A0BE0B4F86010204600F0AEFA92
:1021000028B92046FDF788FF08B94FF0000ABAF158
:10211000000F0BD0002084F8940094F89500072855
:1021200004D294F89500401C84F8950000BF6CE040
:10213000B4F93000002809DBB4F9300047F6FF712C
:10214000884203DA208E401C00B22086B4F93000A9
:10215000B4F94010884258DB00BF00BF2046FFF7AB
:102160009DFD18B1206F70BBE06E60B3207D02282A
:102170001ED094F842200C2A02D294F8422000E0AB
:102180000C221146B4F93E20B4F93C3002EBE302D4
:10219000CB4B5B5C02FA03F047F6FF72904201DA28
:1021A000024601E047F6FF7212B2A4F8402000BFD9
:1021B00000202086B4F84800B4F86010884203DAA2
:1021C000B4F8480002E020E0B4F8600004900498FD
:1021D0004010A4F84A00B4F84A00618E4FF6FF722E
:1021E00002EA4101884205DA608E114601EA4000A8
:1021F000A4F84A00608EA4F8480000BF00BF002089
:10220000A4F86A002046FFF71FFD207D06280DD1A7
:10221000A07E00F0100048B16849206A0968081AD9
:10222000282803D9701CC6B200BF00BF607A00F036
:102230000800F8B1207D042802D0207D07283AD17B
:10224000A049D4F8900008444FF4FA71B0FBF1F0C3
:102250005A4A216A1268511A88420CD200BF00BF44
:1022600000BF00BF00BF00BF701CC6B208F1010074
:1022700000F0FF081FE094F8971042F29F4211FB14
:1022800002F1D4F8900000EBC1004FF4FA71B0FBFA
:10229000F1F04A4A216A1268511A88420BD220464C
:1022A000FDF75CFC8146B9F1000F04D194F897006A
:1022B000401C84F89700207D032809D13F49206AFB
:1022C0000968081A282803D9701CC6B200BF00BFCD
:1022D000207D092809D13949206A0968081AF0289F
:1022E00003D9701CC6B200BF00BF002E4AD0D4F87C
:1022F0008CA02046FEF7D4FA6DB100BF31480068CB
:10230000844204D100BF70A0F0F732FD00BF00BFCF
:10231000E068E8600DE000BF2A480068A04204D0F1
:1023200000BF74A0F0F724FD00BF00BF2549E0689E
:102330000860B8F1000F0BD0208BE18A221DCDE997
:102340000021029023462046626A216DFFF718FDA6
:10235000D4F810B0207D03902746E4683846FCF797
:10236000E5FE00206E49087000BFBAF1000F03D0EF
:102370006FF00C015846D04700BF6948007800B1A3
:1023800038E6DCE02546E468287F401C2877287F73
:10239000697F884211DB0020287700BF00BF6049B9
:1023A000087000BFD5F8880030B12946D5F88820DC
:1023B000286990478146B7E0B4E0C0E018020020E9
:1023C0002E020020240200207463705F736C6F770C
:1023D000746D723A20616374697665207063622D52
:1023E0003E737461746520213D20434C4F53454436
:1023F0000A0000007463705F736C6F77746D723ADB
:1024000020616374697665207063622D3E73746128
:10241000746520213D204C495354454E0A0000006C
:102420007463705F736C6F77746D723A206163745C
:10243000697665207063622D3E7374617465202136
:102440003D2054494D452D574149540A0000000094
:102450007463705F736C6F7774696D723A20706526
:102460007273697374207469636B696E672077692E
:10247000746820696E2D666C696768742064617485
:10248000610000007463705F736C6F7774696D72C4
:102490003A2070657273697374207469636B696E36
:1024A00067207769746820656D7074792073656E34
:1024B0006420627566666572000000005599010827
:1024C00048990108B84C0A007463705F736C6F77A9
:1024D000746D723A206D6964646C65207463702059
:1024E000213D207463705F6163746976655F70631A
:1024F000627300007463705F736C6F77746D723A0F
:1025000020666972737420706362203D3D2074639D
:10251000705F6163746976655F7063627300000069
:102520002C0200204FF0000900BF2948007800B1BC
:1025300060E5B9F1000F02D12846FDF76DFD00BF3F
:10254000002C7FF45EAD0025224804683BE000BF0C
:10255000207D0A2804D000BF1FA0F0F709FC00BFAF
:1025600000BF00262849206A0968081AF02801D906
:10257000701CC6B22EB32046FEF792F96DB100BFB3
:1025800014480068844204D100BF20A0F0F7F0FB9B
:1025900000BF00BFE068E8600DE000BF0D480068C4
:1025A000A04204D000BF23A0F0F7E2FB00BF00BFB1
:1025B0000849E06808602746E4683846FCF7B6FD3D
:1025C00001E02546E468002CC1D105B0BDE8F08FDC
:1025D0002C020020280200207463705F736C6F77F8
:1025E000746D723A2054494D452D5741495420701D
:1025F00063622D3E7374617465203D3D2054494DE6
:10260000452D574149540000180200207463705F43
:10261000736C6F77746D723A206D6964646C6520B9
:1026200074637020213D207463705F74775F706302
:10263000627300007463705F736C6F77746D723ACD
:1026400020666972737420706362203D3D2074635C
:10265000705F74775F706362730000002DE9F04F64
:1026600085B005460E4600270024A34600BF25B9C5
:1026700000BF75A0F0F77CFB00BF00BFEC6E24B973
:102680004FF0FF3005B0BDE8F08F4EB900BF00BF7E
:1026900076A0F0F76DFB00BF00BF6FF00500F1E71B
:1026A0002089B04201DC0020ECE700BF688EB04218
:1026B00004DA00BF76A0F0F75BFB00BF00BF00BFED
:1026C0002089002804DC00BF75A0F0F751FB00BF93
:1026D00000BF00BF00BF94F80C8008F0010008B1F3
:1026E000042000E0002008F0020109B1002100E010
:1026F0000021084408F0080109B1002100E0002190
:10270000084408F0100109B1002100E0002108444C
:1027100004902089801B1FFA80FA0498504481B2EB
:102720004FF420723620F9F723FD8346BBF1000FEA
:1027300002D100BF00BF76E0606800892189401A9D
:10274000304480B20290DBF80430049A9918606833
:102750005246029BF9F752FF504502D000BF00BF1E
:1027600061E021698889F8F7F8F800F03F09002056
:10277000039009F0080028B129F00809039840F0F7
:102780000800039009F0010028B129F0010903981D
:1027900040F00100039021694868F8F7D1F830440F
:1027A0000346CDE9008059462846039AFCF75CFAB7
:1027B000074627B94FF0000B00BF00BF33E0606849
:1027C000F9F7C5FE35F8661F081A28806268128975
:1027D000A2EB0A0291B26068FAF77AF92089A0EBBD
:1027E0000A0020814846F8F7B8F82169898908432A
:1027F00021698881002060816068F9F7A8FE298836
:10280000084428807868F9F7A2FE2988084425F84A
:102810006609206838602760386810B90020A5F87C
:10282000680000202EE700BF27B100BF20A0F0F70E
:102830009FFA00BF00BFBBF1000F02D05846FAF765
:102840006DF84FF0FF301DE77463705F73706C6953
:10285000745F756E73656E745F7365673A20696E39
:1028600076616C69642070636200000043616E27CA
:10287000742073706C6974207365676D656E742065
:10288000696E746F206C656E67746820300000009C
:1028900073706C6974203C3D206D73730000000000
:1028A000757365672D3E6C656E203E20300000001C
:1028B000736567203D3D204E554C4C0010B50948CE
:1028C000006868B90848006810B90848006838B15D
:1028D00001200449086000220549FA20FBF776FE32
:1028E00010BD000064020020240200202802002005
:1028F000352D01083EB504462648007800F0040056
:1029000000B13EBD00BF24B900BF23A0F0F730FAEC
:1029100000BF00BF1F48007800F0020018B326492E
:10292000606A0968081A26D4218D606A0844224921
:102930000968081A00281EDC2048006800881F4922
:10294000096849881E4ACDE9002102901A480068AA
:102950001C49098842181A4B1B1D1B480168204658
:10296000FFF70EFACDE70B48007800F0010010B138
:1029700016480068206213480088002808DD00BF60
:10298000608B40F00200608300BF2046FDF744FBEF
:1029900000BFB6E7500200207463705F74696D6514
:1029A000776169745F696E7075743A20696E7661DB
:1029B0006C696420706362004402002034020020CD
:1029C000908900204E0200204802002018020020BA
:1029D00010B5FCF759FB06480078401CC0B204490A
:1029E000087000F0010008B1FFF7F4FA10BD000014
:1029F0002D0200200348007840F0100001490870C3
:102A0000704700005102002070B5044600BF24B991
:102A100000BF19A0F0F7ACF900BF00BF218D606ABC
:102A20004518608E40F2B452E16A904201DD1046D2
:102A300000E0608E0844281A04D4208D6085E06A86
:102A4000281A70BDE16A606A401A002802DD002081
:102A500060850EE0616AE06A461A00BFB6F5803F05
:102A600004D300BF0DA0F0F783F900BF00BF668557
:102A700000BF0020E5E700007463705F757064615B
:102A800074655F7263765F616E6E5F776E643A2025
:102A9000696E76616C696420706362006E65775F51
:102AA0007263765F616E6E5F776E64203C3D2030AE
:102AB00078666666660000002DE9FC5F044600202B
:102AC000009000BF24B900BF3AA0F0F751F900BF51
:102AD00000BF00BF00BF00BF00BF00BF00BF00BFFE
:102AE00000BFE56E15B90020BDE8FC9F94F8960084
:102AF000FF2804DA94F89600401C84F896002969AF
:102B00008889F7F72AFF00F0010018B1288908B971
:102B1000012000E000208146B9F1000F01D1012021
:102B200000E000208246286943685246204600990A
:102B3000FDF7F2FB064626B900BF00BF4FF0FF309D
:102B4000D2E77768B9F1000F09D01120F7F705FF38
:102B5000B9894CF2FF0211400843B8810DE070685A
:102B600000F1140B696809892A89891A8BB201223C
:102B700059466868F9F742FD00BF29694868F7F7C8
:102B8000DFFE00F10108206DB0EB080001D5C4F8AC
:102B9000508000231A4631462046FDF7A1FC231D34
:102BA000224631462046FDF751FC019000BF00BF90
:102BB000019899E77463705F7A65726F5F77696EE9
:102BC000646F775F70726F62653A20696E76616CD0
:102BD00069642070636200007CB504460D46F7F717
:102BE000C3FE134804601348056008211248FBF730
:102BF00027FB30B100BF00BF10A0F0F7B9F800BF4D
:102C000000BF1748FBF7D6FB30B100BF00BF15A0CF
:102C1000F0F7AEF800BF00BF05204FF400630022BC
:102C20001949009019A0FBF78FFC01907CBD0000B2
:102C3000A4010020A8010020AC0100206661696C9D
:102C4000656420746F2063726561746520746370BD
:102C500069705F746872656164206D626F780000EE
:102C6000B00100206661696C656420746F20637236
:102C700065617465206C6F636B5F74637069705F0E
:102C8000636F7265000000006D2D01086C7769703C
:102C90005F746872656164002DE9F04105460E4677
:102CA000174600BF1248006820B900BF11A0F0F716
:102CB0005FF800BF00BF0920F8F736FE04461CB9D4
:102CC0004FF0FF30BDE8F081002020706560A66005
:102CD000E76021460648FBF7E3FA30B121460920B8
:102CE000F8F7D4FD4FF0FF30ECE70020EAE70000F2
:102CF000AC010020496E76616C6964206D626F786A
:102D00000000000070B505460C4694F8310000F054
:102D1000180028B1054A21462846FFF7BDFF70BDBF
:102D2000034A21462846FFF7B7FFF8E7415D000850
:102D3000B566000810B50446FFF74AFE074800686C
:102D400010B90748006828B100220649FA20FBF7AD
:102D50003DFC02E000200449086010BD2402002070
:102D600028020020352D01086402002008B5104813
:102D7000FBF7DCFA0F48006820B10F4800680D49E6
:102D80000968884713E069460C4800F06DF8009820
:102D900048B900BF00BF00BF00BF09A0EFF7E8FFC0
:102DA00000BF00BF03E0009800F01AF800BFEAE798
:102DB000B0010020A4010020A8010020AC010020E7
:102DC00074637069705F7468726561643A20696EDB
:102DD00076616C6964206D657373616765000000DE
:102DE00010B50446207820B1012810D002281ED149
:102DF00017E000BF00BF201D07C8904710B16068F2
:102E0000F9F78CFD21460920F8F740FD19E000BFD5
:102E100000BFD4E90110884721460820F8F736FDA5
:102E20000FE000BF00BFD4E90110884709E000BFF0
:102E300000BF00BF00BF04A0EFF79AFF00BF00BFB4
:102E400000BF00BF10BD000074637069705F7468DC
:102E5000726561643A20696E76616C6964206D65A3
:102E600073736167650000002DE9F04106460F4667
:102E700000BFFBF763FC0446601C60B91148FBF718
:102E8000B7FA002239463046FBF746F90D48FBF702
:102E90004DFABDE8F08114B9FBF7A6F9E9E7094856
:102EA000FBF7A6FA224639463046FBF735F90546C8
:102EB0000448FBF73BFA681C10B9FBF795F9D8E713
:102EC00000BFE6E7B00100202DE9F04105460E46BF
:102ED000174606B92E4E00BF45B900BF2DA0EFF72B
:102EE00047FF00BF6FF00F00BDE8F08100BF00BFDB
:102EF00000BF00BF00BF00BF00BF4FF000082B485D
:102F0000046805E0A54202D14FF0010802E0E46840
:102F1000002CF7D100BF47B900F058FA074607BBAD
:102F200000BF00BF6FF00700DEE72048046816E02E
:102F3000A54213D0608AB84210D120683168884217
:102F400007D036B1306820B11CB1206808B100BF8D
:102F500004E000BF00BF6FF00700C5E7E468002C85
:102F6000E6D10EB9002000E0306828606F82B8F129
:102F7000000F04D10D480068E8600C48056000BFF0
:102F800000BF00BF00BF00BF00BF0020ACE70000D3
:102F9000A09901087564705F62696E643A20696E79
:102FA00076616C6964207063620000006C0200202E
:102FB0002DE9F04104460D46174600BF44B900BF55
:102FC00021A0EFF7D5FE00BF6FF00F00BDE8F08144
:102FD00000BF00BF3DB900BF22A0EFF7C9FE00BF90
:102FE0006FF00F00F2E700BF608A58B9628A21468D
:102FF0002046FFF769FF8046B8F1000F01D0404638
:10300000E4E700BF0DB9002000E028686060A782F7
:10301000207C40F00400207400BF00BF00BF00BF50
:1030200000BF00BF1648066804E0B44201D100208A
:10303000CCE7F668002EF8D111480068E06010482F
:1030400004600020C2E700007564705F636F6E6EFD
:103050006563743A20696E76616C6964207063629E
:10306000000000007564705F636F6E6E6563743A94
:1030700020696E76616C69642069706164647200B5
:103080006C02002010B5EDF735F9C0F30D0000F526
:1030900040400149088010BD680200202DE9FE4F24
:1030A00005460E460020019000BF25B900BF6AA06A
:1030B000EFF75EFE00BF00BF00BF26B900BF6CA0E7
:1030C000EFF756FE00BF00BF6889082805DA00BF89
:1030D00000BF2846F9F722FCBBE0D5F804A06B4AF4
:1030E00011685069F3F796F9074600BF00BFBAF8B8
:1030F0000000F7F732FC8346BAF80200F7F72DFC20
:10310000029000BF00BF00BF00BF00BF00BF00BFF4
:1031100000BF00BF00BF0024A046A1465C48046871
:1031200043E000BF00BF00BF00BF00BF00BF00BF43
:1031300000BF00BF00BF618A0298814233D13A4686
:103140003146204600F0B4F868B3207C00F004005B
:1031500098B9B9F1000F01D1A1460EE06FB14B480B
:103160004069401C48B9D9F800007168884204D011
:1031700020687168884200D1A146A08A584512D1C2
:10318000606820B141496068096988420BD1B8F193
:10319000000F07D0E068C8F80C003D480068E06008
:1031A0003B48046003E0A046E468002CB9D100BFAE
:1031B00004B94C4614B10120019008E0334970680D
:1031C0004969884201D1012000E000200190019866
:1031D000D0B300BF00BF08212846F9F715FD50B154
:1031E00000BF00BF2BA0EFF7C3FD00BF00BF284604
:1031F000F9F794FB2DE07CB1A06948B1CDF800B09F
:10320000224B10332A462146D4E906C0E0471FE08E
:103210002846F9F783FB1CE000BF00BF87B91B48B5
:10322000007D00F0F000E0280AD0184880890830BE
:1032300001B22846F9F70EFC03212846F2F710FFE9
:103240002846F9F76BFB03E0FFE72846F9F766FB32
:1032500000BFBDE8FE8F00007564705F696E707519
:10326000743A20696E76616C6964207062756600DC
:103270007564705F696E7075743A20696E76616C02
:103280006964206E65746966000000008089002012
:103290006C020020706275665F72656D6F76655FA7
:1032A000686561646572206661696C65640A000026
:1032B00070B504460D46164600BF24B900BF1CA0D9
:1032C000EFF756FD00BF00BF00BF25B900BF21A02A
:1032D000EFF74EFD00BF00BF207A50B1217A27489A
:1032E000406890F83400401CC0B2814201D00020F8
:1032F00070BD8EB174B1206860B120484069401C37
:1033000040B12068A96808401C494969AA68114071
:1033100088420BD10120EBE734B1206820B1174976
:1033200020684969884201D10120E1E70020DFE7F8
:103330007564705F696E7075745F6C6F63616C5FEC
:103340006D617463683A20696E76616C696420709F
:10335000636200007564705F696E7075745F6C6F96
:1033600063616C5F6D617463683A20696E76616C4D
:103370006964206E65746966000000008089002021
:1033800010B5024682B1136873B169B10B685BB1C5
:10339000064B186806E003681468A34201D10B6865
:1033A0000360C0680028F6D110BD00006C02002048
:1033B00010B50020F8F7B8FA04462CB120212046B9
:1033C000ECF7D1FFFF20E072204610BD10B50022BF
:1033D00000BF124803880088401C104C20804FF624
:1033E000FF70834203D14FF44040234618800C48BD
:1033F00001680EE0488A094B1B88984208D1501C8E
:1034000080B20246B0F5804F01DB002010BDE0E73E
:10341000C9680029EED101480088F7E7680200205A
:103420006C02002070B504460E46154600BF2CB94C
:1034300000BF05A0EFF79CFC00BF70BD00BFA661F8
:10344000E56100BFF9E700007564705F726563763F
:103450003A20696E76616C696420706362000000D6
:1034600070B5054600BF2DB900BF12A0EFF780FC74
:1034700000BF70BD00BF15480068A84205D11348C1
:103480000068C068114908600EE01048046808E050
:10349000E06828B1E068A84202D1E868E06002E094
:1034A000E468002CF4D100BF29460020F8F7EEF9BB
:1034B00000BFDEE77564705F72656D6F76653A20F8
:1034C000696E76616C696420706362006C02002032
:1034D0002DE9F84305460F461646984600BF45B904
:1034E00000BF1FA0EFF744FC00BF6FF00F00BDE866
:1034F000F88300BF00BF3FB900BF1FA0EFF738FC43
:1035000000BF6FF00F00F2E700BF00BF3EB900BF81
:1035100020A0EFF72DFC00BF6FF00F00E7E700BF22
:1035200000BF00BF287A20B1287AF8F775FC04465E
:1035300003E03046F3F7E8FB044644B900BF00BFA0
:1035400000BF00BF00BF00BF6FF00300CFE74346DE
:10355000324639462846009400F02AF8C7E70000B2
:103560007564705F73656E64746F3A20696E76611E
:103570006C696420706362007564705F73656E646B
:10358000746F3A20696E76616C696420706275664A
:10359000000000007564705F73656E64746F3A209C
:1035A000696E76616C6964206473745F6970000091
:1035B0002DE9FC4704460F46904699460A9D00BFF8
:1035C00044B900BF23A0EFF7D3FB00BF6FF00F009B
:1035D000BDE8FC8700BF00BF3FB900BF24A0EFF7E4
:1035E000C7FB00BF6FF00F00F2E700BF00BFB8F1EC
:1035F000000F07D100BF25A0EFF7BAFB00BF6FF0A7
:103600000F00E5E700BF00BF3DB900BF27A0EFF7FF
:10361000AFFB00BF6FF00F00DAE700BF34B12068E6
:1036200020B1207800F0F000E02801D12E1D07E045
:1036300020686968884202D06FF00300C8E7264618
:103640004B46424639462046CDE9005600F03EF84A
:10365000BEE700007564705F73656E64746F5F69C8
:10366000663A20696E76616C69642070636200005E
:103670007564705F73656E64746F5F69663A206924
:103680006E76616C69642070627566007564705F47
:1036900073656E64746F5F69663A20696E76616CFB
:1036A0006964206473745F69700000007564705F02
:1036B00073656E64746F5F69663A20696E76616CDB
:1036C0006964206E65746966000000002DE9FF4F93
:1036D00085B004460D469146DDF848A000BF4CB9C0
:1036E00000BF55A0EFF744FB00BF6FF00F0009B01B
:1036F000BDE8F08F00BF00BF3DB900BF56A0EFF797
:1037000037FB00BF6FF00F00F1E700BF00BFB9F15A
:10371000000F07D100BF58A0EFF72AFB00BF6FF0E2
:103720000F00E4E700BF00BF139838B900BF5BA0EB
:10373000EFF71EFB00BF6FF00F00D8E700BF00BF20
:10374000BAF1000F07D100BF5DA0EFF711FB00BF7A
:103750006FF00F00CBE700BF608A70B900BF00BFF9
:10376000628A21462046FFF7AFFB8046B8F1000F82
:1037700003D000BF00BF4046B9E72889083080B2B7
:103780002989884202DA4FF0FF30B0E70821284645
:10379000F8F79CFCA0B14FF4207208212220F8F722
:1037A000E7FC064626B900BF00BF4FF0FF309EE79A
:1037B000288918B129463046F8F7BCFE00BF02E060
:1037C0002E4600BF00BF00BF7089082804D200BF8A
:1037D00044A0EFF7CDFA00BF00BF7768608AF7F723
:1037E000BCF838800898F7F7B8F878800020F8809F
:1037F00000BF00BF00BF00BF3089F7F7AEF8B88048
:103800004FF0110BE07A049000BF00BF00BF00BF73
:10381000A07ACDE901BA00904A463046049B13993C
:10382000F3F786F88046AE4203D03046F9F776F8D3
:10383000002640465BE700007564705F73656E6448
:10384000746F5F69665F7372633A20696E76616C4C
:1038500069642070636200007564705F73656E64F4
:10386000746F5F69665F7372633A20696E76616C2C
:1038700069642070627566007564705F73656E645C
:10388000746F5F69665F7372633A20696E76616C0C
:103890006964206473745F69700000007564705F10
:1038A00073656E64746F5F69665F7372633A2069F3
:1038B0006E76616C6964207372635F6970000000EA
:1038C0007564705F73656E64746F5F69665F737251
:1038D000633A20696E76616C6964206E657469660E
:1038E00000000000636865636B2074686174206683
:1038F0006972737420706275662063616E20686FF0
:103900006C6420737472756374207564705F68648E
:103910007200000010B5044609480A4908600846CC
:10392000446000218160C160016181610C214161BD
:10393000EEF748FE012204490248EEF7E3FE10BD0F
:1039400000100140E00300201A00002030B595B0BF
:10395000054613AB12AA09A9284600F03FFA04460F
:1039600014B1204615B030BD0020149026E0224945
:1039700009689DF8502001EBC20113AB11AA4868F9
:1039800001A900F02BFA04460CB12046EAE709A988
:1039900001A800F0AFFC60B99DF844009DF8481004
:1039A000884201DD0220DDE79DF85000124988754C
:1039B0000AE09DF85000401CC0B214900E48007DF3
:1039C0009DF850108842D2DC00BF0B48007D9DF866
:1039D0005010884201D10420C4E714A9284600F001
:1039E000DDFA04460CB12046BCE79DF850000249C0
:1039F00048750020B6E700008C0000202DE9F0415A
:103A00009AB09C48847D007DA04202DC1AB0BDE8DB
:103A1000F0819849096801EBC40106AB07AA486820
:103A200008A900F0DBF908A993A0EFF7A1F9002697
:103A300044E09048008B0121B1400840D8B12221D8
:103A40008FA0EFF795F9304600F042FB8949243109
:103A5000471839468BA0EFF78BF9222188A0EFF7A2
:103A600087F9304600F034FB82492431084410A91C
:103A700041F8260018E0304600F02AFB7D49243149
:103A8000085810A941F826007A48C07D30B910A81E
:103A900050F826107CA0EFF76BF905E010A850F85D
:103AA00026107AA0EFF764F99DF81C00401EB04282
:103AB00002D078A0EFF75CF9701CC6B29DF81C002C
:103AC0008642B6DB74A0EFF753F901F009F86948B4
:103AD000407D0B280DD2DFE800F0060D151E2732C1
:103AE0003F4E5F7287006349096851F83400804790
:103AF000054690E05F4A126852F8341010988847E3
:103B0000054688E05B4B1B6853F83420DDE9100163
:103B1000904705467FE0574F3F6857F8343010A86C
:103B200007C89847054676E0DFF848C1DCF800C0D2
:103B30005CF8347010A80FC8B84705466BE01498BD
:103B4000DFF830C10090DCF800C05CF8347010A8D9
:103B50000FC8B84705465EE0DDE91401DFF814C17F
:103B6000CDE90001DCF800C05CF8347010A80FC883
:103B7000B84705464FE0DDE914121698DFF8F4C0A7
:103B8000CDE900120290DCF800C05CF8347010A897
:103B90000FC8B84705463EE0DDE91423DDE91610FD
:103BA000DFF8D0C0CDE90023CDE90210DCF800C079
:103BB0005CF8347010A80FC8B84705462BE0DDE963
:103BC0001523DDE91710CDE90123CDE90310149881
:103BD000DFF8A0C00090DCF800C05CF8347010A8DA
:103BE0000FC8B847054616E0DDE91623DDE91810D1
:103BF000CDE90223CDE90410DDE91401DFF874C03A
:103C0000CDE90001DCF800C05CF8347010A80FC8E2
:103C1000B847054600BF00BF00F00EFF9DF8180032
:103C200001280CD11348C07D20B929461BA0EFF70D
:103C30009FF807E029461BA0EFF79AF802E018A0CA
:103C4000EFF796F80B4890F8EC0088B10948D0F8E7
:103C5000F0000A21B0FBF1F201FB12070548D0F891
:103C6000F000B0FBF1F83A46414611A0EFF780F8BA
:103C700000BFCBE68C0000200D0A25732800000051
:103C80002563000025730000256C6400305825581A
:103C9000000000002C000000290000003D256C758C
:103CA0003B0D0A003D305825583B0D0A000000002E
:103CB00046756E6374696F6E2052756E2054696D1F
:103CC000653A25642E2531646D730D0A00000000ED
:103CD000F0B50346154600200022002600245BE0D4
:103CE0001F782C2F01D104B901221F78292F01D070
:103CF0001F780FB904B950E0002E3AD11F78302F49
:103D000002DB1F78392F17DD1F782D2F14D01F7875
:103D10002B2F11D01F78612F02DB1F78662F0BDD50
:103D20001F78412F02DB1F78462F05DD1F78582FA3
:103D300002D01F78782F0CD102B12EE01F78612FAE
:103D400003DB1F78203F0F7001E01F780F70491CC4
:103D50001FE01F78222F04D102B11EE001260124AA
:103D600017E01F78202F14D01F782C2F11D0FF269A
:103D700013E01F78222F00D1002402B10DE044B1DE
:103D80001F785C2F02D15B1C471CF8B21F780F70A4
:103D9000491C471CF8B25B1CA2E700BF00270F704C
:103DA0002E70F0BD10B50446002010700BE0207896
:103DB0000870641C491C1078401C107010789842E0
:103DC00001DB012010BD2078202802D020780028B7
:103DD000EDD10020087000BFF4E700002DE9FF4F8F
:103DE00085B080468946002700200490039001207A
:103DF00002904FF0000B002544461DE0207820285B
:103E000016D005F07F00052812DA0DB945F08005BF
:103E100005F07F00042803D120782A2800D00EE086
:103E2000207805F07F010DF80100681CC5B202E0A2
:103E3000852D00D103E0641C20780028DED100BF6E
:103E40008DB1002005F07F010DF8010051A16846F9
:103E500000F050FA18B900210898017002E0012121
:103E60000898017000254FF0000A444614E0641CD5
:103E70000AF1010000F0FF0A2078202802D0207803
:103E80002A2809D1204600F0A7F90646282E03D09B
:103E90002A2E01D0CDF810A02078282802D0207832
:103EA0000028E4D14446049810B10498401C04440E
:103EB0004FF0000A002654E0207810B94FF0010AB4
:103EC00050E02078282803D116B9781CC7B213E037
:103ED0002078292808D13EB917B1781EC7B201E071
:103EE0004FF0010A47B93DE02078222804D10EB9ED
:103EF000012000E00020064647B9207820282FD076
:103F0000207889F8000009F1010929E020782C289F
:103F100004D101200290681CC5B214E0207820284A
:103F200011D0207828280ED04DB9BBF1050F06DA44
:103F300020780DF80B000BF1010000F0FF0B029848
:103F4000401CC0B20290012F0AD10298022807D16A
:103F50000298401CC0B202900398401CC0B203906B
:103F6000641CA9E700BF0398012809D100200DF8BF
:103F70000B0008A1684600F0BDF908B900200390C5
:103F8000079903980870002089F80000504609B08E
:103F9000BDE8F08F766F6964000000002DE9F04302
:103FA000B5B005460F460024002604E000213D4838
:103FB0008155701CC6B20A2EF8DB06E06D1C28780D
:103FC00018B9012035B0BDE8F08328782828F5D14C
:103FD0006D1C61E034AA69462846FFF779FE064663
:103FE00035449DF8D00020B1012827D0FF284CD1BE
:103FF00049E09DF8000000B333A9684600F0F7F8E7
:1040000006460EB10220DDE7204600F061F82549A2
:104010000A31339A0A50A1F12400008B0121A140FA
:10402000884320491A39088304211E480155601C21
:10403000C4B20A2C01DD0320C4E726E0684600F084
:1040400075F9401C00F0FF08204600F041F81549C2
:104050000A3100EB01094946684600F05CF9114855
:104060001A38018B0120A040014388B20D491A394A
:1040700008830C4800F80480601CC4B20A2C01DDDF
:1040800003209FE701E002209CE700BF2878292851
:1040900001D0287800B900E09CE700BF3C70002008
:1040A00090E70000A60000200020074A128802F4D2
:1040B00000423AB1044A11780022044B5A5418467F
:1040C000014B1A80704700001800002018030020E0
:1040D00002460020002105E0044B5B5C0344D8B29B
:1040E0004B1CD9B29142F7DB70470000A6000020BC
:1040F00010B5044604EBC40000EB04100122C2EB2F
:10410000800081B24FF47A7000F0B8FC01200149C0
:10411000C87510BD8C00002010B50246012000E0DB
:1041200050430B1EA1F10104E1B2F9D110BD000012
:1041300070B50026FFF7B8FF064606B970BD1748F0
:1041400081683046884704461CB91449C8688047CE
:1041500021E0304600F0F6F80546012D00D02C464F
:10416000CCB1012C06D0022C08D0032C0AD0042C90
:1041700010D10BE00AA0EEF7FBFD0BE00BA0EEF771
:10418000F7FD07E00CA0EEF7F3FD03E00DA0EEF75E
:10419000EFFD00BF00BF00BFD0E700008C00002093
:1041A000BAAFCAFDB4EDCEF3210D0A00B2CECAFDFE
:1041B000B4EDCEF3210D0A00B2CECAFDCCABB6E011
:1041C000210D0A00CEB4D5D2B5BDC6A5C5E4B5C48F
:1041D000BAAFCAFD210D0A000146491C00E0491C86
:1041E0000878202801D10029F9D1087870472DE9F5
:1041F000F04F05460F4600264FF00A09B3462C46FD
:104200000020386034E02078392802DC207830281B
:1042100011DA28782D2802D028782B2800D156B121
:104220002078462802DC2078412804DA20785828B3
:1042300017D1012E15D12078412801DB4FF010094C
:1042400028782D2803D14FF0020B6D1C0FE0287841
:104250002B2803D14FF0010B6D1C08E0701CC6B277
:1042600005E0207800B904E00120BDE8F08F641C6F
:10427000C9E700BF2C46B9F1100F0FD1032E01DAA8
:104280000220F2E72078302806D16078582803D140
:10429000A41CB01EC6B204E00320E6E70EB9042059
:1042A000E3E71BE00EB1701EC6B22078392806DCA9
:1042B0002078302803DB2078A0F1300A02E0207853
:1042C000A0F1370A31464846FFF726FF39680AFB56
:1042D00000103860641C207800B900E0E2E700BFFD
:1042E000BBF1020F04D13868C0F10008C7F80080A4
:1042F0000020BAE702460AE010780B78984201D015
:1043000001207047107800B902E0521C491CF3E705
:1043100000BF0020F5E706E002780A70027802B9D3
:1043200002E0401C491CF7E700BF7047014600202F
:1043300005E00A7802B903E0421CD0B2491CF8E754
:1043400000BF704710B58CB004461E230BAA03A90A
:104350002046FFF727FD0090009810B101200CB017
:1043600010BD9DF82C00044400200B900EE0404846
:104370009DF82C2050F8221003A8FFF7BBFF00B9CE
:1043800008E09DF82C00401CC0B20B909DF82C005A
:104390000728ECD300BF9DF82C00072863D2DFE884
:1043A00000F004053C5E6564630000BF31A0EEF7D9
:1043B000DFFC31A0EEF7DCFC3FA0EEF7D9FC4EA00D
:1043C000EEF7D6FC5CA0EEF7D3FC6BA0EEF7D0FCCA
:1043D00079A0EEF7CDFC87A0EEF7CAFC8CA0EEF733
:1043E000C7FC94A0EEF7C4FC98A0EEF7C1FC9DA01A
:1043F000EEF7BEFCA2A0EEF7BBFCA8A0EEF7B8FC5F
:10440000B4A0EEF7B5FCC1A0EEF7B2FCCCA0EEF77D
:10441000AFFCD8A0EEF7ACFCA2E216A0EEF7A8FC29
:10442000E4A0EEF7A5FC00200B900EE0F148006838
:104430009DF82C2000EBC2004168EFA0EEF798FC3D
:104440009DF82C00401CC0B20B90EA48007D9DF8FE
:104450002C108842EADC07A0EEF78AFC80E205A077
:10446000EEF786FCCCE179E24DE221E2F4E10000D6
:10447000400000200D0A00002D2D2D2D2D2D2D2D5D
:104480002D2D2D2D2D2D2D2D2D2D2D2D2D2D2D2D5C
:1044900055534D4152542056332E352D2D2D2D2D53
:1044A0002D2D2D2D2D2D2D2D2D2D2D2D2D2D2D2D3C
:1044B0002D2D2D200D0A00002020202055534D4188
:1044C0005254CAC7D3C9414C49454E54454BBFAA63
:1044D000B7A2B5C4D2BBB8F6C1E9C7C9B5C4B4AEBA
:1044E000BFDAB5F7CAD4BBA5BDBBD7E9BCFE2CCD9E
:1044F000A8B9FD200D0A0000CBFC2CC4E3BFC9D233
:10450000D4CDA8B9FDB4AEBFDAD6FACAD6B5F7D3C2
:10451000C3B3CCD0F2C0EFC3E6B5C4C8CEBACEBAEE
:10452000AFCAFD2CB2A2D6B4D0D02ED2F2B4CB2CCE
:10453000C4E3BFC90D0A0000D2D4CBE6D2E2B8FC76
:10454000B8C4BAAFCAFDB5C4CAE4C8EBB2CECAFD9E
:1045500028D6A7B3D6CAFDD7D62831302F3136BDDD
:10456000F8D6C62CD6A7B3D6B8BACAFD29A1A2D709
:10457000D6B7FBB4AE0D0A00A1A2BAAFCAFDC8EB14
:10458000BFDAB5D8D6B7B5C8D7F7CEAAB2CECAFD6E
:10459000292CB5A5B8F6BAAFCAFDD7EEB6E0D6A7B6
:1045A000B3D63130B8F6CAE4C8EBB2CECAFD2CB2ED
:1045B000A2D6A7B3D60D0A00BAAFCAFDB7B5BBD80D
:1045C000D6B5CFD4CABE2ED6A7B3D6B2CECAFDCFEB
:1045D000D4CABEBDF8D6C6C9E8D6C3B9A6C4DC2CB9
:1045E000D6A7B3D6BDF8D6C6D7AABBBBB9A6C4DC7E
:1045F0002E0D0A00BCBCCAF5D6A7B3D63A7777779A
:104600002E6F70656E6564762E636F6D0D0A000007
:1046100055534D415254D3D037B8F6CFB5CDB3C36F
:10462000FCC1EE28B1D8D0EBD0A1D0B4293A0D0A04
:10463000000000003F3A202020202020BBF1C8A12C
:10464000B0EFD6FAD0C5CFA20D0A000068656C7035
:104650003A202020BBF1C8A1B0EFD6FAD0C5CFA236
:104660000D0A00006C6973743A202020BFC9D3C3BF
:10467000B5C4BAAFCAFDC1D0B1ED0D0A0A00000041
:1046800069643A2020202020BFC9D3C3BAAFCAFD35
:10469000B5C44944C1D0B1ED0D0A0A006865783A45
:1046A00020202020B2CECAFD3136BDF8D6C6CFD4E8
:1046B000CABE2CBAF3B8FABFD5B8F12BCAFDD7D60B
:1046C000BCB4D6B4D0D0BDF8D6C6D7AABBBB0D0AF1
:1046D0000A0000006465633A20202020B2CECAFDA3
:1046E0003130BDF8D6C6CFD4CABE2CBAF3B8FABFA3
:1046F000D5B8F12BCAFDD7D6BCB4D6B4D0D0BDF84E
:10470000D6C6D7AABBBB0D0A0A00000072756E742C
:10471000696D653A312CBFAAC6F4BAAFCAFDD4CBD5
:10472000D0D0BCC6CAB13B302CB9D8B1D5BAAFCA0B
:10473000FDD4CBD0D0BCC6CAB13B0D0A0A000000E4
:10474000C7EBB0B4D5D5B3CCD0F2B1E0D0B4B8F1AA
:10475000CABDCAE4C8EBBAAFCAFDC3FBBCB0B2CE97
:10476000CAFDB2A2D2D4BBD8B3B5BCFCBDE1CAF875
:104770002E0D0A002D2D2D2D2D2D2D2D2D2D2D2DD8
:104780002D2D2D2D2D2D2D2D2D2D2D2D2D2DD5FDE1
:10479000B5E3D4ADD7D32D2D2D2D2D2D2D2D2D2D94
:1047A0002D2D2D2D2D2D2D2D2D2D2D2D2D2D2D2046
:1047B0000D0A00002D2D2D2D2D2D2D2D2D2D2D2DC6
:1047C0002D2D2D2D2D2D2D2D2D2D2D2D2DBAAFCA6D
:1047D000FDC7E5B5A52D2D2D2D2D2D2D2D2D2D2DE7
:1047E0002D2D2D2D2D2D2D2D2D2D2D2D2D2D2D2DF9
:1047F000200D0A008C00002025730D0A0000000027
:1048000059A0EEF7B5FA00200B901AE06649096846
:104810009DF82C2001EBC20101AB02AA486803A954
:10482000FFF7DCFA604800689DF82C1050F8312042
:1048300003A95EA0EEF79CFA9DF82C00401CC0B2C4
:104840000B905948007D9DF82C108842DEDCAFF2B9
:10485000DC30EEF78DFA83E0AFF2E830EEF788FA5D
:104860000BAA03A92046FFF733FA9DF82C00C8B91C
:10487000694603A8FFF7BBFC0B909DF82C0020B9FC
:104880004FA00099EEF774FA0EE09DF82C00042872
:1048900001D0022063E54DA0EEF76AFA01204249FB
:1048A000C87501E002205AE547A0EEF761FA57E02B
:1048B00045A0EEF75DFA0BAA03A92046FFF708FA18
:1048C0009DF82C00C8B9694603A8FFF790FC0B902F
:1048D0009DF82C0020B942A00099EEF749FA0EE0AD
:1048E0009DF82C00042801D0022038E53FA0EEF707
:1048F0003FFA00202C49C87501E002202FE532A0C4
:10490000EEF736FA2CE030A0EEF732FA0BAA03A944
:104910002046FFF7DDF99DF82C00C8B9694603A8C9
:10492000FFF765FC0B909DF82C0078B91E490098A4
:1049300081F8EC00084690F8EC0018B130A0EEF7D2
:1049400017FA07E035A0EEF713FA03E0022006E5B8
:10495000022004E51CA0EEF70BFA01E00120FEE4C2
:1049600000BF0020FBE400002D2D2D2D2D2D2D2D21
:104970002D2D2D2D2D2D2D2D2D2D2D2D2D2D2D2D67
:104980002DBAAFCAFD204944202D2D2D2D2D2D2DC2
:104990002D2D2D2D2D2D2D2D2D2D2D2D2D2D2D2D47
:1049A0002D2D2D2D200D0A008C000020257320694F
:1049B000642069733A0D0A3058253038580D0A00C2
:1049C0004845583A305825580D0A00003136BDF890
:1049D000D6C6B2CECAFDCFD4CABE210D0A00000091
:1049E0004445433A256C750D0A0000003130BDF88E
:1049F000D6C6B2CECAFDCFD4CABE210D0A00000071
:104A000052756E2054696D652043616C63756C61ED
:104A100074696F6E204F4E0D0A00000052756E20B3
:104A200054696D652043616C63756C6174696F6E68
:104A3000204F46460D0A00000E480068006900F04D
:104A4000010040B10C48D0F8F0004FF6FF71084467
:104A50000949C1F8F0000848D0F8F0000549096894
:104A6000496A08440449C1F8F0000846D0F8F0004B
:104A7000704700001C0500208C00002038B505465A
:104A80000C4600BF00BF002000901248006840F0B4
:104A90000400104908600846006800F00400009017
:104AA00000BF00BF00BF0C480C49086008464460C6
:104AB00000218160C5600161EDF7C8FB0748EDF793
:104AC000F9FB032211461E20ECF733FF1E20ECF702
:104AD00020FF38BD40380240000800401C0500207F
:104AE0006FF0010009490968086100BF000C07491F
:104AF0000968C86201460548C16000BF002003493B
:104B0000096848620249C1F8F00070471C0500209E
:104B10008C00002001460A69D1E901309860D1E992
:104B2000010358605068884201D1886850600020B5
:104B300008611068401E10601068704700F108019D
:104B400041604FF0FF31816000F10801C1600161F7
:104B500000210160704700210161704710B50246D5
:104B60000B685C1C0CB9106907E002F1080000E05A
:104B70004068446824689C42FAD944684C604C6898
:104B8000A160886041600A611468641C146010BDF3
:104B900042684A6093688B609368596091600861CD
:104BA00003685B1C0360704710B500BF502080F3A2
:104BB0001188BFF34F8FBFF36F8F00BF0B480068A2
:104BC000401C0A4908600846006801280DD10848C1
:104BD0000068C0B208B9012000E0002028B94FF4F5
:104BE000DB7204A112A0EEF7C3F810BD0803002089
:104BF00004ED00E02E2E5C2E2E5C4D6964646C6525
:104C000077617265735C4672656552544F535C7090
:104C10006F727461626C655C525644535C41524DD4
:104C20005F434D34465C706F72742E630000000069
:104C30004572726F723A2025732C2025640D0A008C
:104C400010B50B48006828B940F2BD1209A118A0A0
:104C5000EEF78EF806480068401E054908600846D1
:104C6000006820B9002080F3118800BF00BF10BD8C
:104C7000080300202E2E5C2E2E5C4D6964646C654A
:104C800077617265735C4672656552544F535C7010
:104C90006F727461626C655C525644535C41524D54
:104CA0005F434D34465C706F72742E6300000000E9
:104CB0004572726F723A2025732C2025640D0A000C
:104CC00070B506463546002E3AD0083D2C461D49A3
:104CD00060680968084008B1012000E0002028B998
:104CE0004FF4927218A126A0EEF742F8206808B996
:104CF000012000E0002028B940F2251212A120A0D6
:104D0000EEF736F80F49606809680840C0B12068BE
:104D1000B0B90C49606809688843606000F070FBB6
:104D20001B49606809680844194908602046F8F77B
:104D300055FC18480068401C1649086001F074FCD6
:104D400070BD0000040300202E2E5C2E2E5C4D69E9
:104D500064646C6577617265735C46726565525414
:104D60004F535C706F727461626C655C4D656D4D24
:104D7000616E675C686561705F342E6300000000DF
:104D80004572726F723A2025732C2025640D0A003B
:104D9000F40200200003002000204FF0E021086111
:104DA0008861064800684FF47A71B0FBF1F0401E4C
:104DB0004FF0E021486107200861704700000020A3
:104DC00070B5EBF747FA0546102D11D305F1E02039
:104DD00090F8F04310480078844201DB012000E0A5
:104DE000002028B940F217320CA11BA0EDF7C0FF3C
:104DF0001D48006800F4E0601C490968884201D839
:104E0000012000E0002028B940F2273203A112A0BF
:104E1000EDF7AEFF70BD00000C0300202E2E5C2EBF
:104E20002E5C4D6964646C6577617265735C467273
:104E3000656552544F535C706F727461626C655C4F
:104E4000525644535C41524D5F434D34465C706F43
:104E500072742E63000000004572726F723A202552
:104E6000732C2025640D0A000CED00E010030020D7
:104E70002DE9F04106460F462EB940F6C82211A191
:104E800019A0EDF775FF0025BFB1002412E01A4804
:104E900000EBC4004068B04203D1174800EBC405E2
:104EA0000AE035B9144850F8340010B9124800EB44
:104EB000C405641C082CEAD300BF0DB12F606E60DE
:104EC000BDE8F0812E2E5C2E2E5C4D6964646C650D
:104ED00077617265735C4672656552544F535C71BD
:104EE000756575652E6300004572726F723A2025F4
:104EF000732C2025640D0A00F87901202DE9F0417A
:104F000005460E4617462C46FFF74EFE94F9440020
:104F1000401C10B9002084F8440094F94500401C5E
:104F200010B9002084F84500FFF78AFEA06B28B96D
:104F30003A46314604F1240000F01EF92046F8F705
:104F4000EEFDBDE8F081000070B504460025ACB16F
:104F50000F48006808B9012000E0002028B940F29D
:104F600049520CA114A0EDF703FF00F049FA00210B
:104F70002046F8F757F801F057FB05463DB94FF0CA
:104F8000805011490860BFF34F8FBFF36F8F70BD22
:104F9000D00200202E2E5C2E2E5C4D6964646C6560
:104FA00077617265735C4672656552544F535C74E9
:104FB00061736B732E6300004572726F723A202525
:104FC000732C2025640D0A0004ED00E070B5054641
:104FD000FFF7EAFD15B92F48006800E028460446AF
:104FE000201DFFF797FD78B9E06A00EB80002A49A1
:104FF00051F8200040B994F82C100120884027492E
:105000000968814325480160A06A18B104F11800BD
:10501000FFF780FD22480068401C214908601D48B8
:105020000068844209D1211D1E48FFF7B1FD1E48CA
:105030000068401C1C49086006E01C480068401ECF
:105040001A490860F8F7CEFCFFF7FAFD114800682E
:10505000844202D02046F8F76BF915480068C0B1C9
:105060000C480068844214D11248006808B9012035
:1050700000E0002028B940F2DC420FA117A0EDF7B4
:1050800077FE4FF0805019490860BFF34F8FBFF390
:105090006F8F70BD94020020387A0120AC0200208E
:1050A000C0020020F47C0120A0020020A402002005
:1050B000B0020020D00200202E2E5C2E2E5C4D6906
:1050C00064646C6577617265735C467265655254A1
:1050D0004F535C7461736B732E6300004572726F83
:1050E000723A2025732C2025640D0A0004ED00E09F
:1050F000034909680160034909684160704700007D
:10510000BC020020A802002001200149086070476D
:10511000B802002070B504460D462CB940F61C427A
:1051200007A110A0EDF724FE1248016818312046AF
:10513000FFF714FD01212846F7F774FF70BD00004A
:105140002E2E5C2E2E5C4D6964646C6577617265F1
:10515000735C4672656552544F535C7461736B7334
:105160002E6300004572726F723A2025732C202541
:10517000640D0A009402002070B504460E461546E0
:105180002CB940F6524211A119A0EDF7F1FD60686B
:105190001B490968C8611A49826809680A62184986
:1051A00009681831826851601549096818318160B1
:1051B000134909688C622168491C21600DB14FF0C8
:1051C000FF3629463046F7F72DFF70BD2E2E5C2E98
:1051D0002E5C4D6964646C6577617265735C4672C0
:1051E000656552544F535C7461736B732E6300009A
:1051F0004572726F723A2025732C2025640D0A00C7
:10520000940200202DE9F04706460F4634464FF041
:105210000109002E70D0206D28B941F29F0237A1FC
:105220003FA0EDF7A5FDE06CB84201D23D4600E09D
:10523000E56CE06AA8425FD0206D01285CD13C4853
:105240000068844201D0012000E0002028B941F22A
:10525000BA022AA132A0EDF78BFDD4F82C80E562CA
:10526000A06900F0004010B9C5F12000A06108EB72
:105270008801304A02EB81016069884201D1012036
:1052800000E00020C0B3201DFFF744FC40B994F8B3
:105290002C10012088402849096881432648016074
:1052A00094F82C10012088402349096808432249BA
:1052B0000860E16A01EB81011E4A02EB8101486846
:1052C000A0608268E260211D826851608160E16AAD
:1052D00001EB8101174A02EB81026261E16A01EB95
:1052E0008101144A52F82110491CE26A02EB820241
:1052F000104B43F8221000BFBDE8F0872E2E5C2E25
:105300002E5C4D6964646C6577617265735C46728E
:10531000656552544F535C7461736B732E63000068
:105320004572726F723A2025732C2025640D0A0095
:1053300094020020387A0120AC0200201CB51B48E2
:1053400000210B468022CDE9001019A11A4800F077
:1053500087FE0446012C02D101F036FA0446012CE6
:1053600015D100BF502080F31188BFF34F8FBFF3DA
:105370006F8F00BF4FF0FF301049086001201049C7
:10538000086000200F49086000F0A0F80BE0601CE6
:1053900008B1012000E0002028B94FF404620AA1FE
:1053A00012A0EDF7E5FC154800681CBDC8020020FE
:1053B00049444C4500000000FDD30008C402002011
:1053C000B0020020A80200202E2E5C2E2E5C4D691B
:1053D00064646C6577617265735C4672656552548E
:1053E0004F535C7461736B732E6300004572726F70
:1053F000723A2025732C2025640D0A00CC0200206F
:1054000002480068401C014908607047D002002033
:1054100010B51B48006818B101201A4908602DE03A
:1054200000201849086018480068B0FA80F0C0F100
:105430001F0404EB8400154951F8200008B1012035
:1054400000E0002028B940F6024211A119A0EDF7B2
:105450008FFC04EB84010D4A02EB8100416849682E
:10546000416000F1080142688A4202D141684968FE
:1054700041604168C968134A116000BF10BD000057
:10548000D0020020B8020020AC020020387A0120AF
:105490002E2E5C2E2E5C4D6964646C65776172659E
:1054A000735C4672656552544F535C7461736B73E1
:1054B0002E6300004572726F723A2025732C2025EE
:1054C000640D0A0094020020016070471CB550482A
:1054D00000685049884201D0012000E0002028B92E
:1054E00040F243124CA15BA0EDF742FC4848006833
:1054F0004849491E884201D0012000E0002028B917
:105500004FF4A27244A153A0EDF732FC554C204653
:1055100000780190FF20214608700846007800902E
:105520009DF8000000F0F0009DF80010884201D1C5
:10553000012000E0002028B940F25D1236A145A00C
:10554000EDF716FC9DF8000000F050004649087089
:1055500007204649086009E044480068401E434966
:1055600008609DF800004006000E00909DF80000C5
:1055700000F080008028EFD03C480068C0F10700B0
:10558000042801D1012000E0002028B940F2711266
:1055900021A130A0EDF7ECFB34480068C0F1070012
:1055A000042801D1012000E0002028B94FF4BD7289
:1055B00019A128A0EDF7DCFB2C48006800022B495C
:1055C00008600846008800F4E060086025490198FA
:1055D00008700F482030006840F470000C492031FA
:1055E00008600846006840F070400860FFF7D4FB90
:1055F00000201F490860EAF7F5FD1E48006840F0EA
:1056000040401C490860EAF7D9FD00201CBD00009D
:1056100000ED00E071C20F412E2E5C2E2E5C4D6914
:1056200064646C6577617265735C4672656552543B
:105630004F535C706F727461626C655C5256445378
:105640005C41524D5F434D34465C706F72742E6303
:10565000000000004572726F723A2025732C2025DD
:10566000640D0A0000E400E00C0300201003002099
:105670000803002034EF00E010B500BF502080F395
:105680001188BFF34F8FBFF36F8F00BF00F034FD61
:1056900018B14FF080500449086000BF002080F32B
:1056A000118800BF10BD000004ED00E02DE9F041BD
:1056B00004460126002722460021012000F008F8B8
:1056C00005462846F7F7AEFE2846BDE8F081000003
:1056D0002DE9F84305460E4617460024E5B1601E45
:1056E000B0FBF5F0B04217D305FB06F010F1550FF3
:1056F00012D805FB06F909F15400F8F761FA0446DF
:105700008CB1A04608F154083B4642463146284633
:105710000094F7F796FE06E02CB94FF4E37203A16C
:105720000BA0EDF725FB2046BDE8F8832E2E5C2E5E
:105730002E5C4D6964646C6577617265735C46725A
:10574000656552544F535C71756575652E63000035
:105750004572726F723A2025732C2025640D0A0061
:105760002DE9F04105460E4601272C462CB94FF491
:1057700088722CA134A0EDF7FBFA002C42D0E06B2C
:1057800000283FD04FF0FF31E06BB1FBF0F0216C0F
:10579000884237D3FFF708FAD4E90F12206801FBDB
:1057A0000200A0600020A06320686060E06B401EE3
:1057B000226C216800FB0211E160FF2084F84400A4
:1057C00084F845009EB9206908B9012000E0002056
:1057D000A8B904F1100000F081FE80B14FF08050B4
:1057E0001D490860BFF34F8FBFF36F8F07E004F1CF
:1057F0001000FFF7A3F904F12400FFF79FF9FFF76A
:105800001FFA00E000270FB1012000E0002028B9B6
:1058100040F2451203A10CA0EDF7AAFA3846BDE804
:10582000F08100002E2E5C2E2E5C4D6964646C6548
:1058300077617265735C4672656552544F535C7153
:10584000756575652E6300004572726F723A20258A
:10585000732C2025640D0A0004ED00E02DE9FF47BC
:1058600082B0064688461D464FF0000934462CB9E2
:1058700040F22E3264A16DA0EDF77AFAB8F1000F74
:1058800001D1206C08B9012000E0002028B940F2C5
:105890002F325DA165A0EDF76BFA022D02D1E06B0E
:1058A000012801D1012000E0002028B94FF44C72FA
:1058B00055A15EA0EDF75CFA00F008FC08B9049869
:1058C00008B9012000E0002028B940F233324EA18F
:1058D00056A0EDF74DFA00BFFFF766F9A06BE16B3C
:1058E000884201D3022D3ED1D4F838A02A46414641
:1058F0002046F7F7DEFC0746A06C88B1022D02D1E6
:10590000BAF1000F29D12046F7F7E4FE28B34FF093
:1059100080504A490860BFF34F8FBFF36F8F1CE080
:10592000606A08B9012000E0002068B904F1240091
:1059300000F0D4FD88B14FF0805040490860BFF3BB
:105940004F8FBFF36F8F08E03FB14FF080503B495E
:105950000860BFF34F8FBFF36F8FFFF771F901201E
:1059600006B0BDE8F087049818B9FFF769F9002080
:10597000F6E7B9F1000F04D16846FFF7B9FB4FF025
:105980000109FFF75DF9FFF73BFDFFF70DF994F90A
:105990004400401C10B9002084F8440094F94500EC
:1059A000401C10B9002084F84500FFF749F904A90C
:1059B000684600F0EFFAF8B92046F7F77CFEA8B188
:1059C00004F110000499FFF7A5FB2046F8F7A7F8AB
:1059D00000F02AFE00287FF47FAF4FF08050174977
:1059E0000860BFF34F8FBFF36F8F75E72046F8F75E
:1059F00096F800F019FE6FE72046F8F790F800F0EF
:105A000013FE0020ACE700002E2E5C2E2E5C4D69AC
:105A100064646C6577617265735C46726565525447
:105A20004F535C71756575652E6300004572726F2A
:105A3000723A2025732C2025640D0A0004ED00E045
:105A40002DE9F04707460D463C462CB940F2AD42E1
:105A500037A140A0EDF78CF9206C08B9012000E0D7
:105A6000002028B940F2B14231A13AA0EDF780F907
:105A7000206808B9A06808B9012000E0002028B912
:105A800040F2B6422AA133A0EDF772F9FFF798F978
:105A900000BF5021EFF3118081F31188BFF34F8FC6
:105AA000BFF36F8F00BF0646D4F838A0E06B5045B7
:105AB00035D994F945900AF10100A06309F101007C
:105AC000C0B9A06C38B12046F7F704FE20B31DB36F
:105AD0000120286020E0606A08B9012000E0002071
:105AE000D0B904F1240000F0F9FCA8B1A5B101205F
:105AF000286011E0B9F17F0F01D0012000E0002003
:105B000028B940F235520AA112A0EDF731F909F196
:105B1000010040B284F845004FF0010801E04FF069
:105B2000000800BF86F3118800BF4046BDE8F0873B
:105B30002E2E5C2E2E5C4D6964646C6577617265F7
:105B4000735C4672656552544F535C71756575653B
:105B50002E6300004572726F723A2025732C202547
:105B6000640D0A0070B505462C462CB940F283221C
:105B70000CA115A0EDF7FCF800F0A2FAA16888428C
:105B80000CD1E068401EE060E06828B900231A46A6
:105B900019462046FFF762FE012600E00026304647
:105BA00070BD00002E2E5C2E2E5C4D6964646C6509
:105BB00077617265735C4672656552544F535C71D0
:105BC000756575652E6300004572726F723A202507
:105BD000732C2025640D0A002DE9F74183B005469A
:105BE0000E464FF000082C462CB940F251524CA101
:105BF00054A0EDF7BDF80EB9206C08B9012000E003
:105C0000002028B940F2555245A14EA0EDF7B0F85A
:105C100000F05CFA08B9059808B9012000E00020FE
:105C200028B940F25A523EA146A0EDF7A1F800BFB4
:105C3000FEF7BAFFA76BF7B131462046F7F724FB12
:105C4000781EA063206908B9012000E0002060B937
:105C500004F1100000F042FC38B14FF080503D4993
:105C60000860BFF34F8FBFF36F8FFEF7E9FF01208E
:105C700006B0BDE8F081059818B9FEF7E1FF0020F5
:105C8000F6E7B8F1000F04D101A8FFF731FA4FF0A1
:105C90000108FEF7D5FFFFF7B3FBFEF785FF94F988
:105CA0004400401C10B9002084F8440094F94500D9
:105CB000401C10B9002084F84500FEF7C1FF05A97B
:105CC00001A800F067F9F0B92046F7F7E7FCA0B1AA
:105CD00004F124000599FFF71DFA2046F7F71FFF8E
:105CE00000F0A2FC0028A3D14FF0805019490860B1
:105CF000BFF34F8FBFF36F8F9AE72046F7F70FFF81
:105D000000F092FC94E72046F7F709FF00F08CFCC6
:105D10002046F7F7C3FC00288AD00020A8E700003F
:105D20002E2E5C2E2E5C4D6964646C657761726505
:105D3000735C4672656552544F535C717565756549
:105D40002E6300004572726F723A2025732C202555
:105D5000640D0A0004ED00E02DE9F34182B0054630
:105D60004FF000082C4600262CB940F2E3525DA10A
:105D700065A0ECF7FDFF206C08B9012000E00020D1
:105D800028B940F2E75257A15FA0ECF7F1FF00F00D
:105D90009DF908B9039808B9012000E0002028B94E
:105DA00040F2EC524FA158A0ECF7E2FF00BFFEF723
:105DB000FBFEA76BFFB1781EA063206810B9F7F750
:105DC000C9FFA060206908B9012000E0002060B987
:105DD00004F1100000F082FB38B14FF080504E49C2
:105DE0000860BFF34F8FBFF36F8FFEF729FF0120CD
:105DF00004B0BDE8F081039870B90EB9012000E04D
:105E0000002028B940F2326236A13FA0ECF7B0FF83
:105E1000FEF716FF0020EBE7B8F1000F04D168464B
:105E2000FFF766F94FF00108FEF70AFFFFF7E8FAFF
:105E3000FEF7BAFE94F94400401C10B9002084F823
:105E4000440094F94500401C10B9002084F8450036
:105E5000FEF7F6FE03A9684600F09CF840BB20461A
:105E6000F7F71CFCF0B1206838B9FEF79DFEA0687A
:105E700000F0BEFA0646FEF7E3FE04F124000399A3
:105E8000FFF748F92046F7F74AFE00F0CDFB00285F
:105E90008DD14FF0805020490860BFF34F8FBFF382
:105EA0006F8F84E72046F7F73AFE00F0BDFB7EE7F0
:105EB0002046F7F734FE00F0B7FB2046F7F7EEFB7D
:105EC0000028EED05EB1FEF76FFE2046F7F739FAF4
:105ED00007463946A068FFF795F9FEF7B1FE0020A6
:105EE00086E700002E2E5C2E2E5C4D6964646C6586
:105EF00077617265735C4672656552544F535C718D
:105F0000756575652E6300004572726F723A2025C3
:105F1000732C2025640D0A0004ED00E02DE9F0410A
:105F200006460F4634462CB940F2BB220CA115A000
:105F3000ECF71EFF00F0C4F8A168884204D1E068C5
:105F4000401CE060012508E039462046FFF704FFC9
:105F5000054615B1E068401CE0602846BDE8F081C8
:105F60002E2E5C2E2E5C4D6964646C6577617265C3
:105F7000735C4672656552544F535C717565756507
:105F80002E6300004572726F723A2025732C202513
:105F9000640D0A0070B506460C462EB940F6FD4267
:105FA0001FA128A0ECF7E4FE2CB940F6FE421CA18C
:105FB00024A0ECF7DDFEFEF7F7FD264802687068C6
:105FC000131A2548006890F8590030B10020224982
:105FD000096881F8590001251EE02068401C08B9B5
:105FE000002519E01D4930680968884206D07068AC
:105FF000904203D80125002020600DE020689842DF
:1060000007D92068C01A20603046FFF771F80025D4
:1060100002E0002020600125FEF712FE284670BD38
:106020002E2E5C2E2E5C4D6964646C657761726502
:10603000735C4672656552544F535C7461736B7345
:106040002E6300004572726F723A2025732C202552
:10605000640D0A00A802002094020020BC02002067
:106060002DE9FF4F85B0804689461746DDE912AB22
:10607000B800F7F7A5FD064656B15C20F7F7A0FD7E
:1060800004460CB1266304E03046FEF719FE00E03A
:1060900000247CB10020CDE900ABCDE902403A46B6
:1060A00049464046089BF7F7E3F92046F7F720F802
:1060B000012501E04FF0FF35284609B0BDE8F08F1B
:1060C00001490868704700009402002005490968EA
:1060D00009B9012005E00449096809B9022000E076
:1060E00000207047B0020020D0020020014908685B
:1060F00070470000A80200202DE9F0414FF0000891
:106100005F48006800287DD15E480068451C5D48F6
:106110000560002D1DD15C480068006808B90120A9
:1061200000E0002028B940F6C72258A160A0ECF793
:106130001FFE554807686248006853490860604878
:10614000076060480068401C5E490860F7F74AFC39
:1061500000BF5D480068854277D300BF4A480068A9
:10616000006808B9012000E0002020B14FF0FF30A6
:106170005549086068E044480068C068C4686668BB
:10618000B54202D2504806605EE06069D4E902126E
:106190008A60D4E902214A60211D42688A4201D105
:1061A000E1684160002262610168491E0160A06AE5
:1061B00098B1A06AD4E907128A60D4E907214A603D
:1061C00004F1180142688A4201D1216A416000222B
:1061D000A2620168491E016000BF94F82C100120E2
:1061E00088403A490968084338490860E16A01EB88
:1061F0008101374A02EB81014868A0608268E26051
:10620000211D00E033E0826851608160E16A01EBAA
:1062100081012F4A02EB81026261E16A01EB810197
:106220002B4A52F82110491CE26A02EB8202284BE9
:1062300043F822102749E06A0968C96A88428DD369
:106240004FF001088AE700E000BF22480068C06AFA
:1062500000EB80001E4951F82000012801D94FF0C1
:1062600001081D48006808B14FF0010804E01B4810
:106270000068401C194908604046BDE8F0810000F4
:10628000D0020020A8020020980200202E2E5C2EB2
:106290002E5C4D6964646C6577617265735C4672EF
:1062A000656552544F535C7461736B732E630000C9
:1062B0004572726F723A2025732C2025640D0A00F6
:1062C0009C020020BC020020C4020020AC0200207E
:1062D000387A012094020020B8020020B402002085
:1062E00070B505462C460026002D5ED0304800686B
:1062F000844201D1012000E0002028B941F24F0280
:106300002CA135A0ECF734FD206D28B941F25002E4
:1063100028A131A0ECF72CFD206D401E2065E16C1A
:10632000E06A884241D0206D00283ED1201DFEF752
:10633000F1FB40B994F82C10012088402A490968E3
:10634000814329480160E06CE062E06AC0F120000E
:10635000A06194F82C100120884023490968084363
:1063600021490860E16A01EB8101204A02EB8101C9
:106370004868A0608268E260211D82685160816087
:10638000E16A01EB8101194A02EB81026261E16A73
:1063900001EB8101154A52F82110491CE26A02EB17
:1063A0008202124B43F822100126304670BD0000D5
:1063B000940200202E2E5C2E2E5C4D6964646C6568
:1063C00077617265735C4672656552544F535C74B5
:1063D00061736B732E6300004572726F723A2025F1
:1063E000732C2025640D0A00AC020020387A0120AD
:1063F00070B505462C460026002D67D03449E06A6A
:106400000968C96A88425AD2A06900F0004028B9D8
:106410002F480068C06AC0F12000A061E16A01EB6A
:1064200081012C4A02EB81016069884201D101207F
:1064300000E00020E0B3201DFEF76CFB40B994F8AB
:106440002C100120884024490968814322480160BA
:106450001F480068C06AE06294F82C100120884050
:106460001D49096808431C490860E16A01EB810184
:10647000184A02EB81014868A0608268E260211D31
:10648000826851608160E16A01EB8101114A02EB8F
:1064900081026261E16A01EB81010E4A52F821102A
:1064A000491CE26A02EB82020A4B43F8221004E024
:1064B000FFE707480068C06AE062012606E0044979
:1064C000E06C0968C96A884200D20126304670BD76
:1064D00094020020387A0120AC02002070B50646F4
:1064E000F068C4682CB940F682423CA144A0ECF7A5
:1064F0003FFCA06AD4E907128A60D4E907214A6008
:1065000004F1180142688A4201D1216A41600022E7
:10651000A2620168491E01603D48006800283DD123
:106520006069D4E902128A60D4E902214A60211D1F
:1065300042688A4201D1E1684160002262610168DB
:10654000491E016094F82C100120884031490968E7
:10655000084330490860E16A01EB81012E4A02EBF1
:1065600081014868A0608268E260211D82685160F4
:106570008160E16A01EB8101274A02EB81026261DD
:10658000E16A01EB8101244A52F82110491CE26AB8
:1065900002EB8202204B43F8221010E01F494868AA
:1065A000E0618268226204F11801826851608160B2
:1065B0001A4AA26211460968491C116000BF1849B5
:1065C000E06A0968C96A884204D901250120154991
:1065D000086000E00025284670BD00002E2E5C2ECD
:1065E0002E5C4D6964646C6577617265735C46729C
:1065F000656552544F535C7461736B732E63000076
:106600004572726F723A2025732C2025640D0A00A2
:10661000D0020020AC020020387A0120E07C01206A
:1066200094020020B802002070B5002400265048D3
:10663000006828B940F6B3024EA157A0ECF798FBCA
:10664000FEF7B2FA4A480068401E49490860084609
:10665000006800287ED15448006800287AD05BE0AA
:106660005248C068C468A06AD4E907128A60D4E9B5
:1066700007214A6004F1180142688A4201D1216A67
:1066800041600022A2620168491E01606069D4E98C
:1066900002128A60D4E902214A60211D42688A42BE
:1066A00001D1E1684160002262610168491E016018
:1066B00094F82C10012088403D49096808433C4962
:1066C0000860E16A01EB81013A4A02EB8101486806
:1066D000A0608268E260211D826851608160E16A89
:1066E00001EB8101334A02EB81026261E16A01EB55
:1066F0008101304A52F82110491CE26A02EB820201
:106700002C4B43F822102C49E06A0968C96A884278
:1067100002D30120294908602448006808B90120F3
:1067200000E0002000289BD00CB1F7F75BF924486B
:10673000056865B100BFFFF7DFFC10B101201F49FC
:1067400008606D1E002DF6D100201D4908601B4811
:10675000006800E008E038B10126300719490860F8
:10676000BFF34F8FBFF36F8FFEF76AFA304670BDED
:10677000D00200202E2E5C2E2E5C4D6964646C6568
:1067800077617265735C4672656552544F535C74F1
:1067900061736B732E6300004572726F723A20252D
:1067A000732C2025640D0A00A4020020E07C012047
:1067B000AC020020387A012094020020B8020020A8
:1067C000B402002004ED00E01CB50024F6F706FD3D
:1067D0000B48006858B10B481F2100234FF480720A
:1067E000CDE9001008A10A48FFF73AFC04462CB98D
:1067F00040F2191207A110A0ECF7BAFA20461CBD0E
:10680000DC020020E0020020546D72205376630009
:1068100005DB00082E2E5C2E2E5C4D6964646C65D1
:1068200077617265735C4672656552544F535C7450
:10683000696D6572732E63004572726F723A20251E
:10684000732C2025640D0A000000000000000000E9
:106850000102030406070809000000000102030406
:106860000000000000000000000000000000000028
:106870003F400000000000000000300040003000F9
:106880004000000009000BC03D000BC03D000900A6
:1068900018C024407FE0224031800000180024C04E
:1068A0001B000D803240018003801C4027401C806B
:1068B00007400040100060000000000000000000E1
:1068C0000000000000001F80204040200000402009
:1068D00020401F8000000000090006001F80060005
:1068E00009000000040004003F80040004000000D0
:1068F0000010006000000000000000000400040020
:10690000040004000400000000000040000000003B
:1069100000000000002001C0060038004000000018
:106920001F802040204020401F80000000001040B9
:106930003FC000400000000018C021402240244019
:106940001840000010802040244024401B8000009C
:1069500002000D0011003FC0014000003C802440B7
:1069600024402440238000001F80244024403440E1
:10697000038000003000200027C038002000000005
:106980001B802440244024401B8000001C0022C0A7
:10699000224022401F80000000000000084000004C
:1069A0000000000000000000046000000000000083
:1069B000000004000A001100208040400900090086
:1069C000090009000900000000004040208011007B
:1069D0000A000400180020002340240018000000D2
:1069E0001F802040274029401F400000004007C072
:1069F00039000F0001C0004020403FC02440244027
:106A00001B8000001F80204020402040308000007C
:106A100020403FC0204020401F80000020403FC059
:106A200024402E4030C0000020403FC024402E00B3
:106A3000300000000F001080204022403380020010
:106A400020403FC0040004003FC0204020402040C0
:106A50003FC02040204000000060202020203FC098
:106A60002000200020403FC024400B0030C02040C8
:106A700020403FC020400040004000C03FC03C00DC
:106A800003C03C003FC0000020403FC00C4023003A
:106A90003FC020001F802040204020401F80000079
:106AA00020403FC024402400180000001F802140E7
:106AB000214020E01FA0000020403FC024402600CD
:106AC00019C0004018C024402440224031800000FA
:106AD000300020403FC020403000000020003F80B8
:106AE000004000403F80200020003E0001C0070021
:106AF00038002000380007C03C0007C03800000004
:106B0000204039C0060039C0204000002000384035
:106B100007C0384020000000304021C026403840E7
:106B200020C00000000000007FE040204020000066
:106B3000000070000C0003800040000000004020B6
:106B400040207FE000000000000020004000200006
:106B500000000000001000100010001000100010D5
:106B60000000000040000000000000000000028063
:106B70000540054003C0004020003FC004400440E1
:106B80000380000000000380044004400640000031
:106B900000000380044024403FC000400000038008
:106BA0000540054003400000000004401FC0244091
:106BB00024402000000002E005500550065004204B
:106BC00020403FC00440040003C0004000000440D7
:106BD00027C000400000000000100010041027E053
:106BE0000000000020403FC00140070004C00440F6
:106BF000204020403FC000400040000007C004008B
:106C000007C0040003C00000044007C004400400A3
:106C100003C00040000003800440044003800000E3
:106C2000041007F0045004400380000000000380BB
:106C30000440045007F00010044007C00240040064
:106C400004000000000006400540054004C00000AC
:106C5000000004001F800440004000000400078082
:106C60000040044007C000400400070004C0018049
:106C700006000400060001C0070001C00600000075
:106C8000044006C0010006C00440000004100710C4
:106C900004E00180060004000000044005C0064036
:106CA000044000000000000004007BE040200000E1
:106CB000000000000000FFF0000000000000402085
:106CC0007BE0040000000000400080004000200045
:106CD0002000400000000000000000000000000054
:106CE000000000000000000000001FCC000C0000AD
:106CF00000000000000008003000600008003000C4
:106D000060000000022003FC1E20022003FC1E2065
:106D10000220000000000E1811043FFF10840C78C0
:106D2000000000000F0010840F3800C0077818849E
:106D30000078000000780F8410C411240E9800E43D
:106D400000840008080068007000000000000000D7
:106D50000000000000000000000007E018182004F8
:106D600040020000000040022004181807E0000064
:106D7000000000000240024001800FF0018002404C
:106D8000024000000080008000800FF8008000803A
:106D9000008000000001000D000E00000000000057
:106DA0000000000000000080008000800080008063
:106DB000008000800000000C000C000000000000BB
:106DC00000000000000000060018006001800600BE
:106DD00018002000000007F008081004100408083C
:106DE00007F000000000080408041FFC0004000471
:106DF0000000000000000E0C101410241044118438
:106E00000E0C000000000C1810041104110412886C
:106E10000C700000000000E00320042408241FFC84
:106E20000024000000001F98108411041104108831
:106E300010700000000007F0088811041104188881
:106E40000070000000001C00100010FC13001C006B
:106E50001000000000000E3811441084108411440A
:106E60000E38000000000700088C10441044088809
:106E700007F00000000000000000030C030C0000FD
:106E800000000000000000000001010600000000FA
:106E900000000000000000800140022004100808EB
:106EA0001004000002200220022002200220022002
:106EB0000220000000001004080804100220014015
:106EC0000080000000000E001200100C106C1080FA
:106ED0000F00000003E00C1813E4142417C4082862
:106EE00007D000000004003C03C41C40074000E43D
:106EF000001C000410041FFC1104110411040E886E
:106F00000070000003E00C181004100410041008B6
:106F10001C10000010041FFC1004100410040808CA
:106F200007F0000010041FFC1104110417C4100422
:106F30000818000010041FFC1104110017C01000F5
:106F40000800000003E00C181004100410441C7822
:106F50000040000010041FFC10840080008010849A
:106F60001FFC10040000100410041FFC1004100487
:106F70000000000000030001100110011FFE1000BE
:106F80001000000010041FFC110403801464181C7E
:106F90001004000010041FFC10040004000400048E
:106FA000000C000010041FFC1F0000FC1F001FFC51
:106FB0001004000010041FFC0C04030000E0101873
:106FC0001FFC100007F00808100410041004080843
:106FD00007F0000010041FFC108410801080108047
:106FE0000F00000007F0081810241024101C080AD5
:106FF00007F2000010041FFC1104110011C0113031
:107000000E0C000400000E1C1104108410841044A7
:107010001C3800001800100010041FFC10041000A1
:107020001800000010001FF81004000400041004F1
:107030001FF8100010001E0011E0001C00701380EB
:107040001C0010001FC0103C00E01F0000E0103CBE
:107050001FC000001004180C163401C001C0163403
:10706000180C100410001C00130400FC13041C0076
:10707000100000000804101C1064108413041C0489
:10708000101800000000000000007FFE40024002D7
:1070900040020000000030000C0003800060001C73
:1070A0000003000000004002400240027FFE00009A
:1070B00000000000000000002000400040004000F0
:1070C000200000000001000100010001000100019A
:1070D000000100010000400040002000000000000E
:1070E0000000000000000098012401440144014414
:1070F00000FC000410001FFC00880104010400884B
:107100000070000000000070008801040104010408
:1071100000880000000000700088010401041108CC
:107120001FFC0004000000F8014401440144014434
:1071300000C800000000010401040FFC1104110448
:1071400011001800000000D601290129012901C9F8
:107150000106000010041FFC00840100010001046E
:1071600000FC000400000104190419FC00040004E0
:10717000000000000000000300010101190119FED8
:107180000000000010041FFC0024004001B4010CAA
:10719000010400000000100410041FFC000400049F
:1071A00000000000010401FC0104010001FC0104D5
:1071B000010000FC010401FC008401000100010445
:1071C00000FC0004000000F80104010401040104B3
:1071D00000F80000010101FF00850104010400889E
:1071E0000070000000000070008801040104010527
:1071F00001FF00010104010401FC008401040100FD
:1072000001800000000000CC01240124012401249D
:107210000198000000000100010007F801040104CA
:1072200000000000010001F800040004000401084F
:1072300001FC0004010001800170000C00100160DD
:107240000180010001F0010C003001C00030010C90
:1072500001F0010000000104018C00740170018C38
:1072600001040000010101810171000E001801609C
:107270000180010000000184010C013401440184FB
:10728000010C0000000000000000000001003EFCB6
:10729000400240020000000000000000FFFF00006C
:1072A000000000000000400240023EFC010000001F
:1072B00000000000000060008000800040004000EE
:1072C000200020000000000000000000000000007E
:1072D00000000000000000000000000000000000AE
:1072E000000000000000000000000000000000009E
:1072F000000000000000000F80380FFE380F8038BB
:10730000000000000000000000000000000000007D
:1073100000000100000600000C00003800003100F1
:10732000000600000C0000380000300000000000E3
:107330000000000061800067F807F98000618000AC
:1073400061800061800061800067F807F98000615A
:107350008000000000000000000001C0E003E0F039
:107360000630080418081FFFFE040E080787F00304
:1073700081E000000000000001F000060C000404A1
:1073800008060C7001F9C0000E00003BE000EC188C
:10739000070808040C180003E00000000001E000EA
:1073A00007F003F818041C0804170807E1D003C00D
:1073B000E00023B0003C080020080000100000009E
:1073C0000000000100003100003200001C0000003D
:1073D00000000000000000000000000000000000AD
:1073E000000000000000000000000000000000009D
:1073F000000000007F0001FFC00780F00C001810A3
:107400000004200002000000000000200002100024
:10741000040C00180780F001FFC0007F000000008E
:10742000000000000000000000000000000000005C
:107430004200006600006600003C0000180003FFE8
:10744000C0001800003C000066000066000042001A
:10745000000000000800000800000800000800000C
:10746000080001FFC0000800000800000800000834
:1074700000000800000000000001000031000032A0
:1074800000001C00000000000000000000000000E0
:1074900000000000000000000000000008000008DC
:1074A00000000800000800000800000800000800B4
:1074B00000080000080000080000000000000000B4
:1074C0000000000038000038000038000000000014
:1074D00000000000000000000000000000000000AC
:1074E00000000000000600001C0000700001800089
:1074F0000E0000380000C0000700001C0000300033
:1075000000000000000000007F8001FFE0038070A9
:107510000600180400080400080600180380700123
:10752000FFE0007F8000000000000000000001007C
:107530000801000801000803FFF807FFF800000831
:10754000000008000008000000000000000000012A
:10755000C03802C05804009804011804021804043A
:1075600018061C1803F81801E0F8000000000000DD
:1075700000000001C0E003C0F00400080408080493
:10758000080806180803F41801E7F00001E00000FD
:1075900000000000000000000300000D00001100CA
:1075A00000610000810803010807FFF80FFFF800E1
:1075B00001080001080000000000000000E007FCD6
:1075C000D006080806100806100806100806183825
:1075D000060FF00607C000000000000000000000D9
:1075E0003F8001FFE00384300208180410080410F3
:1075F00008041008071810030FF00007C00000006F
:1076000000000000000003C00007000006000006A4
:1076100000F80607F806180006E00007000006005C
:107620000000000000000001E1E003F7F006341064
:10763000041808041808040C08040C08061618039B
:10764000F3F001C1E000000000000000F80003FCBE
:107650003003063804020804020804020804041077
:107660000308F001FFC0007F0000000000000000E0
:1076700000000000000000000000000070380070F2
:10768000380070380000000000000000000000001A
:1076900000000000000000000000000000000000EA
:1076A000301A00301C000000000000000000000044
:1076B00000000000000000000000000800001400AE
:1076C00000220000410000808001004002002004F0
:1076D0000010080008000000000000002100002148
:1076E00000002100002100002100002100002100F5
:1076F0000021000021000021000000000000000027
:107700000000080008040010020020010040008072
:10771000800041000022000014000008000000006A
:1077200000000003C00004C0000400000800380886
:107730000F380808380810000C300007E00003C0BC
:1077400000000000000000003F8000FFE0038070A8
:10775000020F1006708804C088048308047F880222
:10776000C09003012000FE40000008000018000146
:10777000F8003E0801C20007020007E20000FE0018
:10778000001FC80001F800003800000804000807C6
:10779000FFF807FFF80408080408080408080408AC
:1077A0000806180803F41801E7F00001E0000000E3
:1077B000000000003F8001FFE00380700200180419
:1077C00000080400080400080400100600200780D8
:1077D000C000000004000807FFF807FFF8040008D5
:1077E000040008040008040018020010038070015F
:1077F000FFE0007F8000000004000807FFF807FF9B
:10780000F8040808040808040808040808043E08E6
:1078100004000806001801006000000004000807CA
:10782000FFF807FFF804080804080004080004082B
:1078300000043E0006000006000001800000000079
:10784000000000003F8001FFE00380700600180484
:1078500000080402080402080203F00783F0000293
:107860000000020004000807FFF807FFF8040808FA
:1078700000080000080000080000080004080807CD
:10788000FFF807FFF80400080000000000000400F3
:107890000804000804000807FFF807FFF8040008C0
:1078A00004000804000800000000000000000000C0
:1078B00000060000070000010400010400010400AC
:1078C0000307FFFE07FFFC040000040000040000A3
:1078D00004000807FFF807FFF8040C080018000070
:1078E0003E0004C7800503C80600F8040038040001
:1078F0001800000804000807FFF807FFF804000854
:10790000000008000008000008000008000008004F
:10791000001800006000000004000807FFF807805E
:107920000807FC00007FC00003F80007C0007800D3
:1079300007800807FFF807FFF8040008040008079D
:10794000FFF807000803C00000E000003800001E38
:10795000000007000001C00400F007FFF804000069
:10796000000000007F8001FFE00380700600180423
:10797000000804000806001803003001FFE0007F43
:107980008000000004000807FFF807FFF80404085F
:10799000040400040400040400040400060C0003B2
:1079A000F80001F000000000000000007F8001FFEF
:1079B000E00380700600880400880400C806003CCC
:1079C00003003E01FFE6007F84000000040008077A
:1079D000FFF807FFF8040808040800040C00040F6F
:1079E00000040BC00610F003F03801E008000008A6
:1079F00000000001E0F803F030063010041808041D
:107A00001808040C08040C080206180207F0078185
:107A1000E0000000018000060000040000040000F7
:107A200004000807FFF807FFF8040008040000043A
:107A3000000006000001800004000007FFE007FFCF
:107A4000F00400180000080000080000080000080A
:107A500000000804001007FFE00400000400000616
:107A6000000007E00007FE00041FE00001F800002E
:107A7000380001E0043E0007C000060000040000DA
:107A800004000007E00007FFC0041FF80007C0075C
:107A9000F80007FF80043FF80007C004F800070063
:107AA0000004000000000004000806001807C07869
:107AB00005F1C8003E00001F800463E80780F80657
:107AC0000018040008000000040000060000078001
:107AD0000007E008047C08001FF80007F8001808F9
:107AE00004E0080700000600000400000000000198
:107AF00000080600380400F80403E8040F08047CBA
:107B00000805F00807C0080700180400600000001E
:107B10000000000000000000000000000000003F26
:107B2000FFFE2000022000022000022000022000B0
:107B30000200000000000000000008000007000034
:107B400000C0000038000006000001C00000300046
:107B5000000E0000010000000000000000002000F6
:107B6000022000022000022000022000023FFFFE4F
:107B70000000000000000000000000000000000005
:107B8000000000000008000010000030000020008D
:107B9000003000001000000800000000000000009D
:107BA00000000100000100000100000100000100D0
:107BB00000010000010000010000010000010000C0
:107BC0000100000100000000000000000020000093
:107BD0002000001000001000000000000000000065
:107BE00000000000000000000000000000F000198C
:107BF000F8001B18002208002608002408002410A2
:107C0000003FF8001FF80000080000180000000402
:107C1000000007FFF80FFFF0001818001008002000
:107C200008002008003018001FF0000FC0000000FE
:107C30000000000007C0001FF000183000200800FE
:107C40002008002008003C08001C10000060000014
:107C5000000000000000000007C0001FF0003818FE
:107C600000200800200800200804101007FFF80F6B
:107C7000FFF00000100000000000000000000007FE
:107C8000C0001FF000123000221800220800220855
:107C9000003208001E10000E20000000000000004E
:107CA000200000200800200801FFF803FFF806204C
:107CB000080420080420080720000300000000003A
:107CC00000000000000E000E6E001FF30031B10036
:107CD00020B10020B1003191001F13002E1E0020A2
:107CE0000E00300000000004000807FFF80FFFF846
:107CF000001008002000002000002008003FF800CD
:107D00001FF8000008000000000000000000002034
:107D100008002008002008063FF8063FF800000889
:107D20000000080000080000000000000000000043
:107D300000000000030000030020010020010020DB
:107D400003063FFE063FFC000000000000000000AC
:107D500000000004000807FFF80FFFF8000188008A
:107D60000300002FC00038F8002038002008000071
:107D700008000000000000000000040008040008E3
:107D800004000807FFF80FFFF800000800000800D3
:107D90000008000000000000002008003FF8003F3D
:107DA000F8001008002000003FF8003FF80010081D
:107DB000002000003FF8003FF8000008000000002D
:107DC0002008003FF8003FF80010080010000020D5
:107DD00000002008003FF8001FF800000800000025
:107DE0000000000007C0000FF0001830003008004D
:107DF0002008002008003008001830000FF00007AD
:107E0000C0000000000000002001003FFF003FFF15
:107E10000010110020090020080020080030380060
:107E20001FF0000FC00000000000000007C0001F8E
:107E3000F000381800200800200800200900101168
:107E4000001FFF003FFF00000100000000200800AD
:107E50002008002008003FF8003FF8000808001044
:107E60000800200800200000300000300000000062
:107E7000000000000000000C78001E18003308000D
:107E800023080021080021880021980030F00038E4
:107E90006000000000000000200000200000200022
:107EA00000FFF003FFF80020080020080020080071
:107EB0000030000000000000000000002000003F33
:107EC000F0007FF8000018000008000008002010F3
:107ED000003FF8007FF000001000000000000000EC
:107EE0002000003000003C00003F800023F0000034
:107EF00078000070002380003C000030000020006B
:107F0000002000003C00003FE00023F80000E000FB
:107F10002700003E00003FE00021F80001E0003EA5
:107F20000000200000000000200800200800383871
:107F3000003E680027800003C8002CF80038380095
:107F40002018002008000000000000002000003081
:107F500003003C01003F830023EC000070002380FD
:107F6000003C000020000020000000000000000095
:107F700000000038080020380020F80023E8002F17
:107F800088003E080038080020180000700000003B
:107F900000000000000000000000000000000000E1
:107FA00008000014001FF7FC30000620000200004B
:107FB00000000000000000000000000000000000C1
:107FC000000000000000FFFFFF00000000000000B4
:107FD0000000000000000000000000000000200081
:107FE000023000061FF7FC0014000008000000002B
:107FF0000000000000000000000000000000001869
:108000000000600000400000400000200000100060
:10801000000800000400000400000C000010000034
:108020000000000000000000000000000000000050
:108030000000000000000000000000000000000040
:108040000000000000000000000000000000000030
:108050000000000000000000000000000000000020
:108060000000000000000000000000000000000010
:10807000000000000000000007F000C007FFE1E082
:1080800007F001E0000000C0000000000000000058
:1080900000000000000000000000000000000000E0
:1080A00000000000000000000020000001C00000EF
:1080B000078000001F0000001E0000001C200000C0
:1080C00001C00000078000001F0000001E0000002B
:1080D0001C00000000000000000000000000000084
:1080E0000000000000180C0000180C0000180FE041
:1080F000001FFC0003F80C0000180C0000180C0016
:1081000000180C0000180C0000180FE0001FFC0005
:1081100003F80C0000180C0000180C000000000010
:10812000000000000000000000000780007807C089
:1081300000FC0640010E00200307002002038020FF
:108140000FFFFFFC0201C0200200E0600130704020
:1081500001F03F8000F01F00000000000000000060
:1081600000FE000001FF00000301800002008060AB
:10817000030181C001FF070000FE18000000E000BD
:108180000003BF00000CFFC00071806001C100202F
:10819000030180600000FFC000003F0000000000FD
:1081A00000001F0000007FC000FCC0C001FF806015
:1081B0000303E0200202782002061E2003FC074091
:1081C00001F00380000103C000011C600001E020F9
:1081D00000010020000100400000018000000000BC
:1081E00000000000002000001C6000001C40000097
:1081F0001F8000000F0000000000000000000000D1
:10820000000000000000000000000000000000006E
:10821000000000000000000000000000000000005E
:10822000000000000000000000000000000000004E
:108230000000000000000000000000000007F8003F
:10824000003FFF00007807C001C000E003000030DD
:1082500004000008080000041000000200000000F4
:1082600000000000100000020800000404000008E4
:108270000300003001C000E0007807C0003FFF00AD
:108280000007F800000000000000000000000000EF
:1082900000000000000000000000000000000000DE
:1082A0000000000000000000000C1800000E380064
:1082B000000E3800000630000003600000614380BB
:1082C00000FFFF80006143000003600000063000F3
:1082D000000E3800000E3800000C180000000000EE
:1082E000000000000000000000008000000080008E
:1082F000000080000000800000008000000080007E
:10830000007FFF000000800000008000000080006F
:1083100000008000000080000000800000000000DD
:108320000000000000000001000000E3000000E287
:10833000000000FC000000780000000000000000C9
:10834000000000000000000000000000000000002D
:10835000000000000000000000000000000000001D
:10836000000000000000800000008000000080008D
:1083700000008000000080000000800000008000FD
:1083800000008000000080000000800000008000ED
:10839000000080000000800000008000000000005D
:1083A0000000000000000000000000C0000001E02C
:1083B000000001E0000000C000000000000000001C
:1083C00000000000000000000000000000000000AD
:1083D000000000000000000000000000000000009D
:1083E000000000000000000C00000038000000E069
:1083F0000000038000000E00000038000000E000D4
:1084000000038000000E00000038000000E00000C3
:10841000038000000E0000001800000000000000B3
:108420000000000000000000000FF800007FFF00C7
:1084300000F00780018000C00300006002000020FF
:10844000020000200200002003000060018000C044
:1084500000E00380007FFF00000FF8000000000034
:10846000000000000000000000000000008000206C
:1084700000800020008000200080006001FFFFE0FD
:1084800003FFFFE00000006000000020000000206B
:1084900000000020000000000000000000000000BC
:1084A0000000000000000000007800E0009801607B
:1084B0000100026002000460020008600200106017
:1084C00002002060020040600300806001830060C1
:1084D00001FE00E0007C07800000000000000000BA
:1084E000000000000000000000F0078001F007C05D
:1084F00001000040020000200201002002010020D3
:1085000002010020030380200186804001FCC0C0DE
:1085100000787F8000001E000000000000000000C6
:1085200000000000000008000000380000004800C3
:108530000001880000060800000C08100030081038
:108540000040081001FFFFF003FFFFF003FFFFF002
:1085500000000810000008100000081000000000D3
:10856000000000000000000000000780001F86409F
:1085700003E1002003020020030400200304002084
:10858000030400200304002003060040030301C08D
:108590000301FF8003007E000000000000000000D7
:1085A00000000000000000000007FC00003FFF008A
:1085B0000070C380008180C00101006003020020C0
:1085C00002020020020200200202002002030040FA
:1085D00001C180C000C0FF8000007E0000000000DC
:1085E000000000000000000000F0000003C00000D8
:1085F0000380000003000000030007E003003FE0E9
:108600000301C0000306000003180000036000001F
:1086100003800000030000000000000000000000D4
:108620000000000000001F0000783F8000FC60C0D8
:10863000018EC04003078020020300200201802039
:10864000020180200201C0200301E040018670C0C9
:1086500000FC3F8000781F000000000000000000C8
:1086600000000000003F000000FF81C001C0C1C049
:1086700001006020020020200200202002002020B3
:1086800002002060020040C00100C18000C18F00D4
:10869000007FFE00001FF00000000000000000004E
:1086A00000000000000000000000000000000000CA
:1086B0000000000000000000000300C0000781E08F
:1086C000000781E0000300C000000000000000007F
:1086D000000000000000000000000000000000009A
:1086E000000000000000000000000000000000008A
:1086F0000000000000000000000600660006007890
:108700000000000000000000000000000000000069
:108710000000000000000000000000000000000059
:108720000000000000000000000080000001C00008
:108730000003600000063000000C180000180C0058
:10874000003006000060030000C00180010000400E
:1087500002000020040000100000000000000000E3
:1087600000000000000410000004100000041000CD
:1087700000041000000410000004100000041000A9
:108780000004100000041000000410000004100099
:10879000000410000004100000041000000000009D
:1087A0000000000000000000040000100200002093
:1087B0000100004000C0018000600300003006009E
:1087C00000180C00000C18000006300000036000C8
:1087D0000001C00000008000000000000000000058
:1087E00000000000000000000078000001F8000018
:1087F0000238000002000000040000C0040079E01C
:10880000040081E0040100C0040300000202000033
:108810000306000001FC000000F80000000000005A
:1088200000000000000FF800003FFE00007007800D
:1088300000C000C00101F8400307FC20021E042014
:108840000230082002203020023FFC20013F04407B
:1088500001800CC000E03180001FC2000000000059
:108860000000002000000060000003E000003E2047
:108870000003E020003E200003E0200003802000F1
:1088800007FC2000003FE0000003FE2000003FE066
:10889000000001E0000000200000002000000000B7
:1088A00000000000020000200200002003FFFFE0A3
:1088B00003FFFFE00201002002010020020100206E
:1088C00002010020020100200303002001868060D5
:1088D00001FCC0C000F87F8000001F000000000005
:1088E000000000000007F800003FFF000070078054
:1088F00000C000C001000040030000200200002072
:1089000002000020020000200200002001000040C0
:10891000018000C003C0018000300600000000009C
:1089200000000000020000200200002003FFFFE022
:1089300003FFFFE0020000200200002002000020F0
:10894000020000200300006001000040018000C020
:1089500000F00780007FFE00000FF800000000001C
:1089600000000000020000200200002003FFFFE0E2
:1089700003FFFFE0020100200201002002010020AD
:10898000020100200201002002038020020FE020EB
:108990000300006003C000E000600300000000006E
:1089A00000000000020000200200002003FFFFE0A2
:1089B00003FFFFE00201002002010020020100008D
:1089C0000201000002010000020100000203800019
:1089D000030FE0000300000003C00000006000007F
:1089E000000000000007F800003FFE000070078054
:1089F00001C001C00100004003000020020000206F
:108A00000200002002000020010020200100204080
:108A100003C03F8000303F800000200000002000A5
:108A2000020000200200002003FFFFE003FFFFE040
:108A300002008020020080200000800000008000F2
:108A400000008000020080200200802003FFFFE081
:108A500003FFFFE0020000200200002000000000F1
:108A600000000000000000000000000002000020E4
:108A700002000020020000200200002003FFFFE0AF
:108A800003FFFFE00200002002000020020000209F
:108A900002000020000000000000000000000000B4
:108AA000000000000000000E0000000F0000000F9A
:108AB00000000001020000010200000102000003AA
:108AC0000200000603FFFFFC03FFFFF802000000A6
:108AD0000200000002000000020000000000000090
:108AE00000000000020000200200002003FFFFE061
:108AF00003FFFFE00200C020020100200007800009
:108B0000000FE0000030F80002603E2003800F20DC
:108B1000030003E0020000E002000020000000204B
:108B200000000000020000200200002003FFFFE020
:108B300003FFFFE0020000200200002000000020F0
:108B400000000020000000200000002000000020A5
:108B500000000060000000E00000030000000000D2
:108B6000020000200200002003FFFFE003E00020DD
:108B700003FF0020001FF0000001FF8000000FE055
:108B800000001E000003E000003E002003E0002083
:108B900003FFFFE003FFFFE00200002002000020CF
:108BA000020000200200002003FFFFE003800020FD
:108BB00003F0002000FC0000001F00000007C000C0
:108BC0000001F00000007C0002001F80020007E0AE
:108BD00003FFFFE0020000000200000000000000B0
:108BE00000000000000FF800003FFE0000F00780CA
:108BF000018000C0010000400200002002000020AF
:108C0000020000200200002001000040018000C09E
:108C100000F00380003FFE00000FF800000000009D
:108C200000000000020000200200002003FFFFE01F
:108C300003FFFFE00200802002008020020080008D
:108C4000020080000200800002008000030180001A
:108C50000183000000FE0000007C00000000000016
:108C600000000000000FF800007FFF0000F003800C
:108C7000018001C00100064002000420020004201F
:108C800002000620020003E0010000F80180005C01
:108C900000E0038C003FFF0C000FFC1800000000F8
:108CA00000000000020000200200002003FFFFE09F
:108CB00003FFFFE00201002002010020020180000A
:108CC0000201E0000201FC0003033F80018607E08F
:108CD00001FC00E000F8002000000020000000007F
:108CE00000000000000000000078060000FE01E027
:108CF000018600C00303004002030020020180201F
:108D0000020180200201C0200200C0200100E060BA
:108D1000018070C003E03F8000001F0000000000E1
:108D2000000000000060000003800000030000005D
:108D300002000000020000200200002003FFFFE00C
:108D400003FFFFE0020000200200002002000000FC
:108D5000020000000380000000E0000000000000AE
:108D6000020000000200000003FFFF0003FFFFC03D
:108D7000020000400200006000000020000000200F
:108D800000000020000000200200004002000080DF
:108D900003FFFF00020000000200000000000000CE
:108DA00000000000020000000200000003C00000FC
:108DB00003FC0000023FC0000003F80000007F80B9
:108DC000000007E000000780000078000203C000F8
:108DD000023C000003C0000002000000020000008E
:108DE0000200000003C0000003FF8000023FFE00FD
:108DF00002007FE000000F000200F00003EF00001F
:108E000003FF8000020FFE0000003FE000001F0093
:108E10000207E00003F80000030000000200000069
:108E2000000000000200002002000020038000E09B
:108E300003F0032002FC0C20021F30000007C000DA
:108E40000007F00002187C0002601F20038003E08E
:108E5000020000E0020000200000002000000000EE
:108E600000000000020000000300000003C000003A
:108E700003F80000023E0020020FC0200001FFE0C6
:108E800000007FE000038020021C00200270000030
:108E9000038000000200000002000000000000004B
:108EA0000000000000000020006000E0038003E0FC
:108EB00003000FA002003E200200F8200203E02081
:108EC000020F8020023E00200278002003E00060B4
:108ED000038000E00200030000000000000000002A
:108EE0000000000000000000000000000000000082
:108EF00000000000000000001FFFFFFC1000000445
:108F00001000000410000004100000041000000411
:108F10001000000410000004000000000000000029
:108F2000000000000000000000000000070000003A
:108F300003C0000000780000001E00000003C00015
:108F40000000F00000001E0000000780000000F09C
:108F50000000003C000000060000000000000000CF
:108F600000000000000000001000000410000004D9
:108F700010000004100000041000000410000004A1
:108F8000100000041FFFFFFC0000000000000000B4
:108F900000000000000000000000000000000000D1
:108FA00000000000000000000000000000000000C1
:108FB000020000000400000008000000180000008B
:108FC000100000001800000018000000040000005D
:108FD000020000000000000000000000000000008F
:108FE000000000010000000100000001000000017D
:108FF000000000010000000100000001000000016D
:10900000000000010000000100000001000000015C
:10901000000000010000000100000001000000014C
:109020000000000000000000000000001000000030
:1090300010000000100000001800000008000000F0
:10904000040000000000000000000000000000001C
:109050000000000000000000000000000000000010
:10906000000000000000038000018FC000038C603E
:109070000006182000041020000410200004202006
:1090800000042040000620400003FFC00001FFE074
:109090000000002000000020000000C000000000D0
:1090A00000000000020000000200000003FFFFE0DB
:1090B00007FFFFC0000180C0000200600002002026
:1090C00000040020000400200004002000060040EE
:1090D000000300C00001FF800000FE00000000004F
:1090E000000000000000000000007E000001FF8082
:1090F000000381C0000200400006002000040020A0
:109100000004002000040020000600200003C040EE
:109110000001C0800000030000000000000000000B
:10912000000000000000000000007E000001FF8041
:10913000000380C00006006000040020000400203E
:1091400000040020020400400202008003FFFFE050
:1091500007FFFFC0000000400000004000000000CA
:10916000000000000000000000007E000001FF8001
:10917000000311C000021040000410600004102021
:1091800000041020000410200006102000031040EE
:109190000001F0C0000071000000000000000000AD
:1091A0000000000000000000000400000004002097
:1091B0000004002000040020007FFFE001FFFFE02A
:1091C0000104002003040020020400200204002007
:1091D000020400000200000001C0000001C0000005
:1091E00000000000000000000000001C0000E33E42
:1091F0000003FFC200020CC3000404C1000404C148
:10920000000404C1000404C100060CC10003F8C33B
:109210000005F0620006007E0006003C0000000031
:1092200000000000020000200200002003FFFFE019
:1092300007FFFFE000010020000200200006000000
:1092400000040000000400000004002000060020CC
:109250000003FFE00001FFE000000020000000200C
:1092600000000000000000000000000000040020DA
:109270000004002000040020000400200387FFE019
:10928000038FFFE00380002000000020000000208A
:1092900000000020000000000000000000000000AE
:1092A00000000000000000000000000000000006B8
:1092B00000000007000000010000000100040001A0
:1092C0000004000100040003000400060387FFFC03
:1092D000038FFFF803800000000000000000000082
:1092E00000000000020000200200002003FFFFE059
:1092F00007FFFFE000000820000010200000300001
:109300000000FC0000058E00000707A0000601E039
:10931000000400E000040020000000200000000025
:10932000000000000000000000000000020000201B
:1093300002000020020000200200002003FFFFE0E6
:1093400007FFFFE0000000200000002000000020D8
:1093500000000020000000000000000000000000ED
:1093600000000000000400200007FFE0000FFFE005
:109370000002002000040000000400200007FFE0BD
:109380000003FFE0000200200004000000040020B1
:109390000007FFE00003FFE00000002000000000E5
:1093A0000000000000040020000400200007FFE08F
:1093B000000FFFE00001002000020020000200007A
:1093C000000400000004000000040020000600204B
:1093D0000003FFE00001FFE000000020000000208B
:1093E000000000000000000000007E000000FF8080
:1093F000000381C00002004000060020000400209D
:1094000000040020000400200006002000020040AC
:10941000000381C00001FF8000007E00000000000A
:109420000000000000040001000400010007FFFF2D
:10943000000FFFFF000100C10002004100040020F6
:10944000000400200004002000040020000600406A
:10945000000301C00001FF8000007E00000000004A
:10946000000000000000000000007E000001FF80FE
:10947000000380C0000200600004002000040020FF
:10948000000400200004002000020041000300C18D
:109490000003FFFF0007FFFF0000000100000001C4
:1094A0000000000000040020000400200004002050
:1094B00000040020000FFFE0000FFFE00000C020CC
:1094C000000100200002002000060020000400002F
:1094D000000400000007000000030000000000007E
:1094E0000000000000000000000003E00001C0E0F8
:1094F0000003E04000063020000430200004182063
:10950000000418200004182000040C2000020C6045
:10951000000307C000078380000000000000000077
:109520000000000000000000000400000004000033
:1095300000040000000C0000001FFF8000FFFFC0BF
:10954000000400600004002000040020000400204B
:109550000004004000000180000000000000000046
:109560000000000000040000000400000007FF806D
:10957000000FFFC00000006000000020000000207D
:1095800000000020000000200004004000040080D3
:109590000007FFE0000FFFC0000000400000004097
:1095A000000000000004000000040000000780002C
:1095B0000007F0000004FE0000041FC0000003E0EC
:1095C0000000038000001C00000460000007800011
:1095D0000006000000040000000000000000000081
:1095E00000040000000600000007C0000007FC00A7
:1095F00000043F80000003E000040F800006F0003C
:109600000007F0000007FF8000040FE00000038067
:1096100000043C000007C000000600000004000039
:109620000000000000000020000400200004006092
:10963000000700E0000783200007E6000004F800B0
:1096400000003C0000045E20000587A0000601E049
:109650000004006000040020000000200000000062
:1096600000000000000400000004000300070003E5
:109670000007E0010004F80100041F02000007FCDD
:10968000000000E000000700000438000007C000F0
:1096900000060000000400000004000000000000BC
:1096A000000000000000000000078060000600E0ED
:1096B000000403E0000407A000040E2000043C2086
:1096C000000470200005E0200007802000070060F3
:1096D000000400E000000380000000000000000023
:1096E000000000000000000000000000000000007A
:1096F00000000000000000000000000000008000EA
:10970000000080000001400007FE3FF80800000450
:109710001000000210000002000000000000000025
:109720000000000000000000000000000000000039
:109730000000000000000000000000000000000029
:10974000FFFFFFFF0000000000000000000000001D
:109750000000000000000000000000000000000009
:1097600000000000000000001000000210000002D5
:109770000800000407FE3FF80001400000008000E0
:109780000000800000000000000000000000000059
:1097900000000000000000000000000000000000C9
:1097A0000000000018000000300000004000000031
:1097B00040000000400000002000000030000000D9
:1097C0000800000004000000020000000200000089
:1097D000020000000C000000180000000000000063
:1097E000C003000080070000803E00002000000051
:1097F00020000000200000000078000000F00000C1
:1098000000D00700109B010820000400ABED0020F1
:10981000D0010020089B0108980004002EEE0020D3
:10982000D4010020689B01081C00020091F0002078
:10983000D8010020349B010814007800CCF00020EF
:10984000DC010020FC9A0108200005002FFA00200E
:10985000E0010020209B010818000F00D2FA002030
:10986000E40100202C9B0108100002003DFC0020B8
:10987000E8010020789B01082C00040060FC002017
:10988000EC0100203C9B01081000080013FD0020A3
:10989000F0010020809B01081000080096FD0020C8
:1098A000F4010020909B01081000060019FE002022
:1098B000F8010020189B0108340101007CFE002003
:1098C000FC010020589B010810000F00B3FF00208E
:1098D000000200204C9B0108FC051400A60001209A
:1098E0000402002004980108149801082498010833
:1098F00034980108449801085498010864980108B4
:10990000749801088498010894980108A4980108A3
:10991000B4980108C4980108D4980108C09B0108B4
:10992000709B0108009C0108C89B0108B49B0108BA
:109930009C9B0108A89B0108F49B0108D49B01088B
:10994000DC9B0108E89B01080102030405060707E8
:10995000070707070703060C18306078200200206D
:109960001C0200202402002028020020FA0000002F
:10997000D1290108E803000099730008E8030000FA
:10998000B15A000860EA000001350008F401000047
:1099900065390008E8030000414F00080600000098
:1099A00000000000FFFFFFFFFFFFFFFFFFFF0000C1
:1099B000000000003F00000064656300696400006F
:1099C00072756E74696D650068656C7000000000EA
:1099D0006C6973740000000068657800766F6964D4
:1099E000202A6D796D616C6C6F632875696E7438AF
:1099F0005F74206D656D782C2075696E7433325FED
:109A0000742073697A652900766F696420777269BA
:109A100074655F616464722875696E7433325F7453
:109A200020616464722C75696E7433325F742076C1
:109A3000616C290075696E7433325F7420726561E0
:109A4000645F616464722875696E7433325F742078
:109A50006164647229000000766F6964206D796624
:109A60007265652875696E74385F74206D656D78F0
:109A70002C20766F6964202A70747229000000001F
:109A8000766F69642064656C61795F6D73287569B0
:109A90006E7431365F74206E6D732900766F696461
:109AA0002064656C61795F75732875696E743332F3
:109AB0005F74206E757329004C5749505F434F4EB9
:109AC00053545F43415354206E6F7420696D706C22
:109AD000656D656E74656420636F72726563746C26
:109AE000792E20436865636B20796F7572206C77DF
:109AF000495020706F72742E00000000524541538F
:109B000053444154410000005443505F50434200CD
:109B10005544505F504342004E45544442000000BB
:109B2000465241475F504255460000004E45544260
:109B3000554600005443505F534547005443504935
:109B4000505F4D53475F4150490000005042554619
:109B50005F504F4F4C000000504255465F52454603
:109B60002F524F4D000000005443505F5043425F5E
:109B70004C495354454E00004E4554434F4E4E0001
:109B800054435049505F4D53475F494E504B54002A
:109B90005359535F54494D454F55540046494E5F04
:109BA000574149545F31000046494E5F574149547F
:109BB0005F32000045535441424C495348454400EC
:109BC000434C4F534544000053594E5F5243564453
:109BD00000000000434C4F53494E47004C41535442
:109BE0005F41434B0000000054494D455F574149D8
:109BF00054000000434C4F53455F57414954000007
:109C000053594E5F53454E54000000007463705F1B
:109C1000656E71756575655F666C6167733A206E18
:109C200065656420656974686572205443505F53AC
:109C3000594E206F72205443505F46494E20696E42
:109C400020666C616773202870726F6772616D6D3A
:109C500065722076696F6C61746573204150492983
:109C600000000000646863705F6F7074696F6E3A23
:109C7000206F7074696F6E735F6F75745F6C656E63
:109C8000202B2032202B206F7074696F6E5F6C6503
:109C90006E203C3D20444843505F4F5054494F4E46
:109CA000535F4C454E0000006E657469662D3E683A
:109CB00077616464725F6C656E206D757374206289
:109CC00065207468652073616D652061732045545B
:109CD000485F4857414444525F4C454E20666F727E
:109CE0002065746861727021000000000C9D0108FD
:109CF0000000002018030000F0050008A49D0108E2
:109D00001803002030F60100002E000811031D2466
:109D1000F43210420122F80312FFFF1EB499010829
:109D2000C8041AD0041ABC041AD8041AB8041AC0F9
:109D30000413A1DD180B08349A0108C9540108085E
:109D40000813B5321B0880081ACD081A9C08133571
:109D5000BB1B08DC281A11081A5810225C180B20AB
:109D6000F14001084D390108FD045E31410108064A
:109D70007F01D813E5B91408BDBA14088005322054
:109D800032101C68807D0C1AF00C0475D007680234
:109D90001AC00B3C6E1954055801031C06023B1FE8
:049DA0001AAA01C139
:040000050800018965
:00000001FF
